FILE,BAND,FWHM
KiDS_DR1.0_129.0_-0.5_g_sci.fits,g,0.8157955
KiDS_DR1.0_129.0_-0.5_i_sci.fits,i,0.7244191
KiDS_DR1.0_129.0_-0.5_r_sci.fits,r,0.7602186
KiDS_DR1.0_129.0_-0.5_u_sci.fits,u,0.700908
KiDS_DR1.0_129.4_2.5_g_sci.fits,g,0.6849445
KiDS_DR1.0_129.4_2.5_i_sci.fits,i,0.770289
KiDS_DR1.0_129.4_2.5_r_sci.fits,r,0.5816908
KiDS_DR1.0_129.4_2.5_u_sci.fits,u,0.9459529
KiDS_DR1.0_131.0_-1.5_g_sci.fits,g,0.7095381
KiDS_DR1.0_131.0_1.5_g_sci.fits,g,0.8531073
KiDS_DR1.0_131.0_-1.5_i_sci.fits,i,1.067119
KiDS_DR1.0_131.0_1.5_i_sci.fits,i,0.6944949
KiDS_DR1.0_131.0_-1.5_r_sci.fits,r,0.7908144
KiDS_DR1.0_131.0_1.5_r_sci.fits,r,0.5949459
KiDS_DR1.0_131.0_-1.5_u_sci.fits,u,0.6698113
KiDS_DR1.0_131.0_1.5_u_sci.fits,u,0.9814786
KiDS_DR1.0_131.4_2.5_g_sci.fits,g,0.8706116
KiDS_DR1.0_131.4_2.5_i_sci.fits,i,0.5334203
KiDS_DR1.0_131.4_2.5_r_sci.fits,r,0.7300366
KiDS_DR1.0_131.4_2.5_u_sci.fits,u,1.1255607
KiDS_DR1.0_132.4_2.5_g_sci.fits,g,0.8049136
KiDS_DR1.0_132.4_2.5_i_sci.fits,i,0.7921881
KiDS_DR1.0_132.4_2.5_r_sci.fits,r,0.7777921
KiDS_DR1.0_132.4_2.5_u_sci.fits,u,1.0046757
KiDS_DR1.0_135.0_0.5_g_sci.fits,g,0.7771043
KiDS_DR1.0_135.0_0.5_i_sci.fits,i,0.7863967
KiDS_DR1.0_135.0_0.5_r_sci.fits,r,0.6530327
KiDS_DR1.0_135.0_0.5_u_sci.fits,u,0.9808739
KiDS_DR1.0_135.0_-1.5_g_sci.fits,g,0.6472219
KiDS_DR1.0_135.0_-1.5_i_sci.fits,i,0.6656768
KiDS_DR1.0_135.0_-1.5_r_sci.fits,r,0.6435602
KiDS_DR1.0_135.0_-1.5_u_sci.fits,u,0.693953
KiDS_DR1.0_139.0_-1.5_g_sci.fits,g,0.7001474
KiDS_DR1.0_139.0_-1.5_i_sci.fits,i,1.0275592
KiDS_DR1.0_139.0_-1.5_r_sci.fits,r,0.6833639
KiDS_DR1.0_139.0_-1.5_u_sci.fits,u,0.8201587
KiDS_DR1.0_172.5_2.5_g_sci.fits,g,0.853093
KiDS_DR1.0_172.5_2.5_i_sci.fits,i,0.9496942
KiDS_DR1.0_172.5_2.5_r_sci.fits,r,0.6087344
KiDS_DR1.0_172.5_2.5_u_sci.fits,u,1.0066682
KiDS_DR1.0_173.0_-1.5_g_sci.fits,g,0.7204894
KiDS_DR1.0_173.0_-1.5_i_sci.fits,i,0.7177242
KiDS_DR1.0_173.0_-1.5_r_sci.fits,r,0.6250749
KiDS_DR1.0_173.0_-1.5_u_sci.fits,u,1.0601708
KiDS_DR1.0_174.0_-1.5_g_sci.fits,g,0.8649008
KiDS_DR1.0_174.0_-1.5_i_sci.fits,i,0.6395377
KiDS_DR1.0_174.0_-1.5_r_sci.fits,r,0.7848357
KiDS_DR1.0_174.0_-1.5_u_sci.fits,u,0.7296806
KiDS_DR1.0_175.0_-1.5_g_sci.fits,g,0.7358885
KiDS_DR1.0_175.0_1.5_g_sci.fits,g,0.6726711
KiDS_DR1.0_175.0_-1.5_i_sci.fits,i,1.0971147
KiDS_DR1.0_175.0_1.5_i_sci.fits,i,0.7530034
KiDS_DR1.0_175.0_-1.5_r_sci.fits,r,0.6444232
KiDS_DR1.0_175.0_1.5_r_sci.fits,r,0.7873951
KiDS_DR1.0_175.0_-1.5_u_sci.fits,u,0.7512857
KiDS_DR1.0_175.0_1.5_u_sci.fits,u,0.7913465
KiDS_DR1.0_177.0_-1.5_g_sci.fits,g,0.7266089
KiDS_DR1.0_177.0_-1.5_i_sci.fits,i,0.7970813
KiDS_DR1.0_177.0_-1.5_r_sci.fits,r,0.7659848
KiDS_DR1.0_177.0_-1.5_u_sci.fits,u,0.8626799
KiDS_DR1.0_179.0_-1.5_g_sci.fits,g,0.7488927
KiDS_DR1.0_179.0_-1.5_i_sci.fits,i,0.6151971
KiDS_DR1.0_179.0_-1.5_r_sci.fits,r,0.5420254
KiDS_DR1.0_179.0_-1.5_u_sci.fits,u,1.1009129
KiDS_DR1.0_180.0_-0.5_g_sci.fits,g,0.7916488
KiDS_DR1.0_180.0_-0.5_i_sci.fits,i,0.9783785
KiDS_DR1.0_180.0_-0.5_r_sci.fits,r,0.5593201
KiDS_DR1.0_180.0_-0.5_u_sci.fits,u,1.1446491
KiDS_DR1.0_184.0_-0.5_g_sci.fits,g,0.681003
KiDS_DR1.0_184.0_0.5_g_sci.fits,g,0.7988978
KiDS_DR1.0_184.0_-0.5_i_sci.fits,i,0.8290178
KiDS_DR1.0_184.0_0.5_i_sci.fits,i,1.0473752
KiDS_DR1.0_184.0_-0.5_r_sci.fits,r,0.5785133
KiDS_DR1.0_184.0_0.5_r_sci.fits,r,0.5391783
KiDS_DR1.0_184.0_-0.5_u_sci.fits,u,0.9991245
KiDS_DR1.0_184.0_0.5_u_sci.fits,u,0.9156038
KiDS_DR1.0_184.0_-1.5_g_sci.fits,g,0.7795655
KiDS_DR1.0_184.0_1.5_g_sci.fits,g,0.6033368
KiDS_DR1.0_184.0_-1.5_i_sci.fits,i,1.080034
KiDS_DR1.0_184.0_1.5_i_sci.fits,i,1.0891782
KiDS_DR1.0_184.0_-1.5_r_sci.fits,r,0.6177809
KiDS_DR1.0_184.0_1.5_r_sci.fits,r,0.5877307
KiDS_DR1.0_184.0_-1.5_u_sci.fits,u,0.9496734
KiDS_DR1.0_184.0_1.5_u_sci.fits,u,0.9214968
KiDS_DR1.0_185.0_-0.5_g_sci.fits,g,0.8901434
KiDS_DR1.0_185.0_0.5_g_sci.fits,g,0.7089394
KiDS_DR1.0_185.0_-0.5_i_sci.fits,i,1.0281482
KiDS_DR1.0_185.0_0.5_i_sci.fits,i,1.0921694
KiDS_DR1.0_185.0_-0.5_r_sci.fits,r,0.4933882
KiDS_DR1.0_185.0_0.5_r_sci.fits,r,0.620912
KiDS_DR1.0_185.0_-0.5_u_sci.fits,u,1.0097368
KiDS_DR1.0_185.0_0.5_u_sci.fits,u,0.916279
KiDS_DR1.0_185.0_-1.5_g_sci.fits,g,0.5924258
KiDS_DR1.0_185.0_1.5_g_sci.fits,g,0.7017277
KiDS_DR1.0_185.0_-1.5_i_sci.fits,i,0.9298704
KiDS_DR1.0_185.0_1.5_i_sci.fits,i,0.8825347
KiDS_DR1.0_185.0_-1.5_r_sci.fits,r,0.5218461
KiDS_DR1.0_185.0_1.5_r_sci.fits,r,0.8256087
KiDS_DR1.0_185.0_-1.5_u_sci.fits,u,0.8339637
KiDS_DR1.0_185.0_1.5_u_sci.fits,u,0.872817
KiDS_DR1.0_186.0_-0.5_g_sci.fits,g,0.905314
KiDS_DR1.0_186.0_-0.5_i_sci.fits,i,0.9502735
KiDS_DR1.0_186.0_-0.5_r_sci.fits,r,0.6295477
KiDS_DR1.0_186.0_-0.5_u_sci.fits,u,0.9450821
KiDS_DR1.0_212.0_-1.5_g_sci.fits,g,0.6459266
KiDS_DR1.0_212.0_1.5_g_sci.fits,g,0.8293204
KiDS_DR1.0_212.0_-1.5_i_sci.fits,i,0.5102542
KiDS_DR1.0_212.0_1.5_i_sci.fits,i,0.6269127
KiDS_DR1.0_212.0_-1.5_r_sci.fits,r,0.5520715
KiDS_DR1.0_212.0_1.5_r_sci.fits,r,0.7014471
KiDS_DR1.0_212.0_-1.5_u_sci.fits,u,1.0896638
KiDS_DR1.0_212.0_1.5_u_sci.fits,u,0.9581873
KiDS_DR1.0_213.0_1.5_g_sci.fits,g,0.8714718
KiDS_DR1.0_213.0_1.5_i_sci.fits,i,0.8027772
KiDS_DR1.0_213.0_1.5_r_sci.fits,r,0.5572949
KiDS_DR1.0_213.0_1.5_u_sci.fits,u,1.078998
KiDS_DR1.0_215.0_0.5_g_sci.fits,g,0.7998607
KiDS_DR1.0_215.0_0.5_i_sci.fits,i,0.6732458
KiDS_DR1.0_215.0_0.5_r_sci.fits,r,0.8304764
KiDS_DR1.0_215.0_0.5_u_sci.fits,u,1.0690031
KiDS_DR1.0_215.0_1.5_g_sci.fits,g,0.7038877
KiDS_DR1.0_215.0_1.5_i_sci.fits,i,0.6227743
KiDS_DR1.0_215.0_1.5_r_sci.fits,r,0.7270243
KiDS_DR1.0_215.0_1.5_u_sci.fits,u,1.135614
KiDS_DR1.0_216.0_-0.5_g_sci.fits,g,0.7457148
KiDS_DR1.0_216.0_-0.5_i_sci.fits,i,0.7181132
KiDS_DR1.0_216.0_-0.5_r_sci.fits,r,0.5025652
KiDS_DR1.0_216.0_-0.5_u_sci.fits,u,0.9438067
KiDS_DR1.0_218.0_1.5_g_sci.fits,g,0.9495274
KiDS_DR1.0_218.0_1.5_i_sci.fits,i,0.7640352
KiDS_DR1.0_218.0_1.5_r_sci.fits,r,0.813384
KiDS_DR1.0_218.0_1.5_u_sci.fits,u,1.1247825
KiDS_DR1.0_218.6_-2.5_g_sci.fits,g,0.8434348
KiDS_DR1.0_218.6_-2.5_i_sci.fits,i,0.5118009
KiDS_DR1.0_218.6_-2.5_r_sci.fits,r,0.5598088
KiDS_DR1.0_218.6_-2.5_u_sci.fits,u,0.9810052
KiDS_DR1.0_219.0_-0.5_g_sci.fits,g,0.6682239
KiDS_DR1.0_219.0_-0.5_i_sci.fits,i,0.6513067
KiDS_DR1.0_219.0_-0.5_r_sci.fits,r,0.6470044
KiDS_DR1.0_219.0_-0.5_u_sci.fits,u,1.046617
KiDS_DR1.0_221.6_2.5_g_sci.fits,g,0.7864564
KiDS_DR1.0_221.6_2.5_i_sci.fits,i,0.8650839
KiDS_DR1.0_221.6_2.5_r_sci.fits,r,0.563393
KiDS_DR1.0_221.6_2.5_u_sci.fits,u,0.8910908
KiDS_DR1.0_222.0_-0.5_g_sci.fits,g,0.8155183
KiDS_DR1.0_222.0_0.5_g_sci.fits,g,0.8655905
KiDS_DR1.0_222.0_-0.5_i_sci.fits,i,0.8149195
KiDS_DR1.0_222.0_0.5_i_sci.fits,i,0.7427343
KiDS_DR1.0_222.0_-0.5_r_sci.fits,r,0.6085948
KiDS_DR1.0_222.0_0.5_r_sci.fits,r,0.5850777
KiDS_DR1.0_222.0_-0.5_u_sci.fits,u,0.8398789
KiDS_DR1.0_222.0_0.5_u_sci.fits,u,0.8490601
KiDS_DR1.0_222.0_-1.5_g_sci.fits,g,0.8743915
KiDS_DR1.0_222.0_-1.5_i_sci.fits,i,0.6698951
KiDS_DR1.0_222.0_-1.5_r_sci.fits,r,0.5449915
KiDS_DR1.0_222.0_-1.5_u_sci.fits,u,0.856841
KiDS_DR1.0_222.6_-2.5_g_sci.fits,g,0.7711109
KiDS_DR1.0_222.6_-2.5_i_sci.fits,i,1.1561079
KiDS_DR1.0_222.6_-2.5_r_sci.fits,r,0.6155672
KiDS_DR1.0_222.6_-2.5_u_sci.fits,u,0.9176322
KiDS_DR1.0_224.6_-2.5_g_sci.fits,g,0.6589421
KiDS_DR1.0_224.6_-2.5_i_sci.fits,i,0.9091067
KiDS_DR1.0_224.6_-2.5_r_sci.fits,r,0.6185312
KiDS_DR1.0_224.6_-2.5_u_sci.fits,u,0.6824486
KiDS_DR1.0_338.6_-33.1_g_sci.fits,g,0.9597528
KiDS_DR1.0_338.6_-33.1_i_sci.fits,i,0.8785622
KiDS_DR1.0_338.6_-33.1_r_sci.fits,r,0.5825247
KiDS_DR1.0_338.6_-33.1_u_sci.fits,u,0.8916599
KiDS_DR1.0_341.0_-33.1_g_sci.fits,g,0.9033086
KiDS_DR1.0_341.0_-33.1_i_sci.fits,i,0.9427368
KiDS_DR1.0_341.0_-33.1_r_sci.fits,r,0.7886419
KiDS_DR1.0_341.0_-33.1_u_sci.fits,u,0.8299408
KiDS_DR1.0_341.2_-32.1_g_sci.fits,g,0.9599455
KiDS_DR1.0_341.2_-32.1_i_sci.fits,i,0.7911451
KiDS_DR1.0_341.2_-32.1_r_sci.fits,r,0.7097363
KiDS_DR1.0_341.2_-32.1_u_sci.fits,u,0.9195974
KiDS_DR1.0_343.4_-33.1_g_sci.fits,g,0.8804317
KiDS_DR1.0_343.4_-33.1_i_sci.fits,i,0.8949294
KiDS_DR1.0_343.4_-33.1_r_sci.fits,r,0.6133875
KiDS_DR1.0_343.4_-33.1_u_sci.fits,u,1.1614656
KiDS_DR1.0_350.6_-32.1_g_sci.fits,g,0.8744399
KiDS_DR1.0_350.6_-32.1_i_sci.fits,i,1.1633807
KiDS_DR1.0_350.6_-32.1_r_sci.fits,r,0.5553367
KiDS_DR1.0_350.6_-32.1_u_sci.fits,u,0.9260627
KiDS_DR1.0_352.9_-32.1_g_sci.fits,g,0.9253717
KiDS_DR1.0_352.9_-32.1_i_sci.fits,i,0.8611843
KiDS_DR1.0_352.9_-32.1_r_sci.fits,r,0.7923637
KiDS_DR1.0_352.9_-32.1_u_sci.fits,u,1.0580278
KiDS_DR1.0_38.4_-34.1_g_sci.fits,g,0.9069459
KiDS_DR1.0_38.4_-34.1_i_sci.fits,i,0.7970377
KiDS_DR1.0_38.4_-34.1_r_sci.fits,r,0.641273
KiDS_DR1.0_38.4_-34.1_u_sci.fits,u,0.8362356
KiDS_DR1.0_43.2_-34.1_g_sci.fits,g,0.8508416
KiDS_DR1.0_43.2_-34.1_i_sci.fits,i,0.7962923
KiDS_DR1.0_43.2_-34.1_r_sci.fits,r,0.7162125
KiDS_DR1.0_43.2_-34.1_u_sci.fits,u,1.0603203
KiDS_DR1.0_48.0_-34.1_g_sci.fits,g,0.7438204
KiDS_DR1.0_48.0_-34.1_i_sci.fits,i,0.8486126
KiDS_DR1.0_48.0_-34.1_r_sci.fits,r,0.7750456
KiDS_DR1.0_48.0_-34.1_u_sci.fits,u,1.0791607
KiDS_DR2.0_129.0_0.5_g_sci.fits,g,0.8078196
KiDS_DR2.0_129.0_0.5_i_sci.fits,i,0.7906538
KiDS_DR2.0_129.0_0.5_r_sci.fits,r,0.952837
KiDS_DR2.0_129.0_0.5_u_sci.fits,u,0.9447541
KiDS_DR2.0_129.0_-1.5_g_sci.fits,g,0.721783
KiDS_DR2.0_129.0_1.5_g_sci.fits,g,0.8018584
KiDS_DR2.0_129.0_-1.5_i_sci.fits,i,0.5883355
KiDS_DR2.0_129.0_1.5_i_sci.fits,i,0.8343323
KiDS_DR2.0_129.0_-1.5_r_sci.fits,r,0.5462597
KiDS_DR2.0_129.0_1.5_r_sci.fits,r,0.7639011
KiDS_DR2.0_129.0_-1.5_u_sci.fits,u,0.8275674
KiDS_DR2.0_129.0_1.5_u_sci.fits,u,0.8196586
KiDS_DR2.0_130.0_-0.5_g_sci.fits,g,0.9085176
KiDS_DR2.0_130.0_0.5_g_sci.fits,g,0.7025212
KiDS_DR2.0_130.0_-0.5_i_sci.fits,i,0.7184656
KiDS_DR2.0_130.0_0.5_i_sci.fits,i,0.6038396
KiDS_DR2.0_130.0_-0.5_r_sci.fits,r,0.7408731
KiDS_DR2.0_130.0_0.5_r_sci.fits,r,0.9447754
KiDS_DR2.0_130.0_-0.5_u_sci.fits,u,1.0169597
KiDS_DR2.0_130.0_0.5_u_sci.fits,u,0.8197654
KiDS_DR2.0_130.0_-1.5_g_sci.fits,g,0.8527498
KiDS_DR2.0_130.0_1.5_g_sci.fits,g,0.7365353
KiDS_DR2.0_130.0_-1.5_i_sci.fits,i,0.9951017
KiDS_DR2.0_130.0_1.5_i_sci.fits,i,0.571842
KiDS_DR2.0_130.0_-1.5_r_sci.fits,r,0.6657395
KiDS_DR2.0_130.0_1.5_r_sci.fits,r,0.9451992
KiDS_DR2.0_130.0_-1.5_u_sci.fits,u,0.7790803
KiDS_DR2.0_130.0_1.5_u_sci.fits,u,1.1019607
KiDS_DR2.0_130.4_2.5_g_sci.fits,g,0.7386772
KiDS_DR2.0_130.4_2.5_i_sci.fits,i,0.7885725
KiDS_DR2.0_130.4_2.5_r_sci.fits,r,0.8321712
KiDS_DR2.0_130.4_2.5_u_sci.fits,u,1.1063762
KiDS_DR2.0_131.0_0.5_g_sci.fits,g,0.703069
KiDS_DR2.0_131.0_0.5_i_sci.fits,i,1.0069358
KiDS_DR2.0_131.0_0.5_r_sci.fits,r,0.8316094
KiDS_DR2.0_131.0_0.5_u_sci.fits,u,0.956025
KiDS_DR2.0_132.0_-0.5_g_sci.fits,g,0.7970962
KiDS_DR2.0_132.0_0.5_g_sci.fits,g,0.8228808
KiDS_DR2.0_132.0_-0.5_i_sci.fits,i,0.795647
KiDS_DR2.0_132.0_0.5_i_sci.fits,i,0.5961311
KiDS_DR2.0_132.0_-0.5_r_sci.fits,r,0.6198968
KiDS_DR2.0_132.0_0.5_r_sci.fits,r,0.5430949
KiDS_DR2.0_132.0_-0.5_u_sci.fits,u,0.9938476
KiDS_DR2.0_132.0_0.5_u_sci.fits,u,0.9252978
KiDS_DR2.0_132.0_1.5_g_sci.fits,g,0.998914
KiDS_DR2.0_132.0_1.5_i_sci.fits,i,0.9302297
KiDS_DR2.0_132.0_1.5_r_sci.fits,r,0.626452
KiDS_DR2.0_132.0_1.5_u_sci.fits,u,0.8801005
KiDS_DR2.0_133.0_-0.5_g_sci.fits,g,0.5987044
KiDS_DR2.0_133.0_0.5_g_sci.fits,g,0.8051147
KiDS_DR2.0_133.0_-0.5_i_sci.fits,i,0.5162694
KiDS_DR2.0_133.0_0.5_i_sci.fits,i,0.8736729
KiDS_DR2.0_133.0_-0.5_r_sci.fits,r,0.7182987
KiDS_DR2.0_133.0_0.5_r_sci.fits,r,0.5126998
KiDS_DR2.0_133.0_-0.5_u_sci.fits,u,0.9727591
KiDS_DR2.0_133.0_0.5_u_sci.fits,u,1.0542776
KiDS_DR2.0_133.0_1.5_g_sci.fits,g,0.915404
KiDS_DR2.0_133.0_1.5_i_sci.fits,i,0.8902128
KiDS_DR2.0_133.0_1.5_r_sci.fits,r,0.6582021
KiDS_DR2.0_133.0_1.5_u_sci.fits,u,0.849222
KiDS_DR2.0_133.4_2.5_g_sci.fits,g,0.8608199
KiDS_DR2.0_133.4_2.5_i_sci.fits,i,0.5619381
KiDS_DR2.0_133.4_2.5_r_sci.fits,r,0.5896108
KiDS_DR2.0_133.4_2.5_u_sci.fits,u,1.1952573
KiDS_DR2.0_134.0_-0.5_g_sci.fits,g,0.8108549
KiDS_DR2.0_134.0_-0.5_i_sci.fits,i,0.6143425
KiDS_DR2.0_134.0_-0.5_r_sci.fits,r,0.9418189
KiDS_DR2.0_134.0_-0.5_u_sci.fits,u,1.0719138
KiDS_DR2.0_135.0_1.5_g_sci.fits,g,0.7152293
KiDS_DR2.0_135.0_1.5_i_sci.fits,i,0.4831898
KiDS_DR2.0_135.0_1.5_r_sci.fits,r,0.9068322
KiDS_DR2.0_135.0_1.5_u_sci.fits,u,0.9711544
KiDS_DR2.0_135.4_2.5_g_sci.fits,g,0.7749642
KiDS_DR2.0_135.4_2.5_i_sci.fits,i,0.9765461
KiDS_DR2.0_135.4_2.5_r_sci.fits,r,0.6666802
KiDS_DR2.0_135.4_2.5_u_sci.fits,u,0.929804
KiDS_DR2.0_136.0_-0.5_g_sci.fits,g,0.7874477
KiDS_DR2.0_136.0_0.5_g_sci.fits,g,0.9731806
KiDS_DR2.0_136.0_-0.5_i_sci.fits,i,0.9863604
KiDS_DR2.0_136.0_0.5_i_sci.fits,i,0.8221028
KiDS_DR2.0_136.0_-0.5_r_sci.fits,r,0.7254376
KiDS_DR2.0_136.0_0.5_r_sci.fits,r,0.6679053
KiDS_DR2.0_136.0_-0.5_u_sci.fits,u,1.1205597
KiDS_DR2.0_136.0_0.5_u_sci.fits,u,0.919925
KiDS_DR2.0_136.0_-1.5_g_sci.fits,g,1.0476111
KiDS_DR2.0_136.0_1.5_g_sci.fits,g,0.7308591
KiDS_DR2.0_136.0_-1.5_i_sci.fits,i,1.0401684
KiDS_DR2.0_136.0_1.5_i_sci.fits,i,0.7826366
KiDS_DR2.0_136.0_-1.5_r_sci.fits,r,0.6428697
KiDS_DR2.0_136.0_1.5_r_sci.fits,r,0.805857
KiDS_DR2.0_136.0_-1.5_u_sci.fits,u,1.0306671
KiDS_DR2.0_136.0_1.5_u_sci.fits,u,1.1647569
KiDS_DR2.0_136.4_2.5_g_sci.fits,g,0.7855009
KiDS_DR2.0_136.4_2.5_i_sci.fits,i,0.6793618
KiDS_DR2.0_136.4_2.5_r_sci.fits,r,0.5869072
KiDS_DR2.0_136.4_2.5_u_sci.fits,u,0.9416982
KiDS_DR2.0_137.0_-0.5_g_sci.fits,g,1.0211815
KiDS_DR2.0_137.0_-0.5_i_sci.fits,i,0.6840683
KiDS_DR2.0_137.0_-0.5_r_sci.fits,r,0.6419996
KiDS_DR2.0_137.0_-0.5_u_sci.fits,u,1.0051974
KiDS_DR2.0_139.0_-0.5_g_sci.fits,g,0.8699624
KiDS_DR2.0_139.0_0.5_g_sci.fits,g,0.8496356
KiDS_DR2.0_139.0_-0.5_i_sci.fits,i,0.6022937
KiDS_DR2.0_139.0_0.5_i_sci.fits,i,0.6539291
KiDS_DR2.0_139.0_-0.5_r_sci.fits,r,0.6650459
KiDS_DR2.0_139.0_0.5_r_sci.fits,r,0.8043559
KiDS_DR2.0_139.0_-0.5_u_sci.fits,u,0.9732135
KiDS_DR2.0_139.0_0.5_u_sci.fits,u,0.9896571
KiDS_DR2.0_139.0_1.5_g_sci.fits,g,0.6380037
KiDS_DR2.0_139.0_1.5_i_sci.fits,i,0.6690363
KiDS_DR2.0_139.0_1.5_r_sci.fits,r,0.9014953
KiDS_DR2.0_139.0_1.5_u_sci.fits,u,0.9808105
KiDS_DR2.0_139.4_2.5_g_sci.fits,g,1.0021313
KiDS_DR2.0_139.4_2.5_i_sci.fits,i,0.5193646
KiDS_DR2.0_139.4_2.5_r_sci.fits,r,0.7905188
KiDS_DR2.0_139.4_2.5_u_sci.fits,u,1.0971794
KiDS_DR2.0_140.0_-0.5_g_sci.fits,g,0.8890641
KiDS_DR2.0_140.0_-0.5_i_sci.fits,i,0.5586068
KiDS_DR2.0_140.0_-0.5_r_sci.fits,r,0.8335723
KiDS_DR2.0_140.0_-0.5_u_sci.fits,u,0.9123999
KiDS_DR2.0_140.0_-1.5_g_sci.fits,g,0.7992427
KiDS_DR2.0_140.0_1.5_g_sci.fits,g,0.8149966
KiDS_DR2.0_140.0_-1.5_i_sci.fits,i,0.9501435
KiDS_DR2.0_140.0_1.5_i_sci.fits,i,0.7625011
KiDS_DR2.0_140.0_-1.5_r_sci.fits,r,0.5667858
KiDS_DR2.0_140.0_1.5_r_sci.fits,r,0.5721952
KiDS_DR2.0_140.0_-1.5_u_sci.fits,u,1.1267932
KiDS_DR2.0_140.0_1.5_u_sci.fits,u,1.0457814
KiDS_DR2.0_141.0_-0.5_g_sci.fits,g,0.7619568
KiDS_DR2.0_141.0_-0.5_i_sci.fits,i,0.700839
KiDS_DR2.0_141.0_-0.5_r_sci.fits,r,0.8269321
KiDS_DR2.0_141.0_-0.5_u_sci.fits,u,0.9476946
KiDS_DR2.0_141.0_-1.5_g_sci.fits,g,0.7613737
KiDS_DR2.0_141.0_1.5_g_sci.fits,g,1.0331377
KiDS_DR2.0_141.0_-1.5_i_sci.fits,i,0.6913961
KiDS_DR2.0_141.0_1.5_i_sci.fits,i,0.7164988
KiDS_DR2.0_141.0_-1.5_r_sci.fits,r,0.5776195
KiDS_DR2.0_141.0_1.5_r_sci.fits,r,0.8559006
KiDS_DR2.0_141.0_-1.5_u_sci.fits,u,1.1110434
KiDS_DR2.0_141.0_1.5_u_sci.fits,u,1.0393504
KiDS_DR2.0_172.0_-0.5_g_sci.fits,g,1.0164933
KiDS_DR2.0_172.0_-0.5_i_sci.fits,i,1.1512708
KiDS_DR2.0_172.0_-0.5_r_sci.fits,r,0.5238267
KiDS_DR2.0_172.0_-0.5_u_sci.fits,u,0.8939745
KiDS_DR2.0_172.0_-1.5_g_sci.fits,g,0.7672188
KiDS_DR2.0_172.0_-1.5_i_sci.fits,i,0.522839
KiDS_DR2.0_172.0_-1.5_r_sci.fits,r,0.5278295
KiDS_DR2.0_172.0_-1.5_u_sci.fits,u,1.1218601
KiDS_DR2.0_174.0_0.5_g_sci.fits,g,0.6714971
KiDS_DR2.0_174.0_0.5_i_sci.fits,i,0.6598898
KiDS_DR2.0_174.0_0.5_r_sci.fits,r,0.7421983
KiDS_DR2.0_174.0_0.5_u_sci.fits,u,1.0590204
KiDS_DR2.0_175.0_-0.5_g_sci.fits,g,0.7288127
KiDS_DR2.0_175.0_-0.5_i_sci.fits,i,0.8808413
KiDS_DR2.0_175.0_-0.5_r_sci.fits,r,0.688257
KiDS_DR2.0_175.0_-0.5_u_sci.fits,u,1.1466149
KiDS_DR2.0_176.0_1.5_g_sci.fits,g,0.706622
KiDS_DR2.0_176.0_1.5_i_sci.fits,i,0.6194847
KiDS_DR2.0_176.0_1.5_r_sci.fits,r,0.6204533
KiDS_DR2.0_176.0_1.5_u_sci.fits,u,1.150132
KiDS_DR2.0_177.0_-0.5_g_sci.fits,g,0.893475
KiDS_DR2.0_177.0_0.5_g_sci.fits,g,0.8599263
KiDS_DR2.0_177.0_-0.5_i_sci.fits,i,1.0037372
KiDS_DR2.0_177.0_0.5_i_sci.fits,i,0.980783
KiDS_DR2.0_177.0_-0.5_r_sci.fits,r,0.7670856
KiDS_DR2.0_177.0_0.5_r_sci.fits,r,0.5781304
KiDS_DR2.0_177.0_-0.5_u_sci.fits,u,1.1341708
KiDS_DR2.0_177.0_0.5_u_sci.fits,u,1.0871806
KiDS_DR2.0_178.0_-0.5_g_sci.fits,g,1.0063575
KiDS_DR2.0_178.0_-0.5_i_sci.fits,i,0.8747007
KiDS_DR2.0_178.0_-0.5_r_sci.fits,r,0.5340678
KiDS_DR2.0_178.0_-0.5_u_sci.fits,u,1.0536674
KiDS_DR2.0_178.0_1.5_g_sci.fits,g,1.1913402
KiDS_DR2.0_178.0_1.5_i_sci.fits,i,0.9059248
KiDS_DR2.0_178.0_1.5_r_sci.fits,r,0.8749905
KiDS_DR2.0_178.0_1.5_u_sci.fits,u,0.8632681
KiDS_DR2.0_179.0_-0.5_g_sci.fits,g,0.7173284
KiDS_DR2.0_179.0_0.5_g_sci.fits,g,0.9220368
KiDS_DR2.0_179.0_-0.5_i_sci.fits,i,1.2051664
KiDS_DR2.0_179.0_0.5_i_sci.fits,i,0.7121066
KiDS_DR2.0_179.0_-0.5_r_sci.fits,r,0.625549
KiDS_DR2.0_179.0_0.5_r_sci.fits,r,0.5708338
KiDS_DR2.0_179.0_-0.5_u_sci.fits,u,1.1370711
KiDS_DR2.0_179.0_0.5_u_sci.fits,u,1.018831
KiDS_DR2.0_179.0_1.5_g_sci.fits,g,0.6720528
KiDS_DR2.0_179.0_1.5_i_sci.fits,i,0.7903564
KiDS_DR2.0_179.0_1.5_r_sci.fits,r,0.6245349
KiDS_DR2.0_179.0_1.5_u_sci.fits,u,1.0154069
KiDS_DR2.0_180.0_-1.5_g_sci.fits,g,0.6948011
KiDS_DR2.0_180.0_1.5_g_sci.fits,g,1.0396555
KiDS_DR2.0_180.0_-1.5_i_sci.fits,i,0.7631384
KiDS_DR2.0_180.0_1.5_i_sci.fits,i,0.9741879
KiDS_DR2.0_180.0_-1.5_r_sci.fits,r,0.9139103
KiDS_DR2.0_180.0_1.5_r_sci.fits,r,0.7855706
KiDS_DR2.0_180.0_-1.5_u_sci.fits,u,0.9933651
KiDS_DR2.0_180.0_1.5_u_sci.fits,u,1.0966339
KiDS_DR2.0_181.0_0.5_g_sci.fits,g,0.9290111
KiDS_DR2.0_181.0_0.5_i_sci.fits,i,0.8006489
KiDS_DR2.0_181.0_0.5_r_sci.fits,r,0.5478092
KiDS_DR2.0_181.0_0.5_u_sci.fits,u,1.0711046
KiDS_DR2.0_181.0_-1.5_g_sci.fits,g,0.8174381
KiDS_DR2.0_181.0_-1.5_i_sci.fits,i,0.6966364
KiDS_DR2.0_181.0_-1.5_r_sci.fits,r,0.5499212
KiDS_DR2.0_181.0_-1.5_u_sci.fits,u,0.9013705
KiDS_DR2.0_182.0_-1.5_g_sci.fits,g,0.7813059
KiDS_DR2.0_182.0_1.5_g_sci.fits,g,0.799571
KiDS_DR2.0_182.0_-1.5_i_sci.fits,i,0.823225
KiDS_DR2.0_182.0_1.5_i_sci.fits,i,0.7773616
KiDS_DR2.0_182.0_-1.5_r_sci.fits,r,0.5159406
KiDS_DR2.0_182.0_1.5_r_sci.fits,r,0.6777313
KiDS_DR2.0_182.0_-1.5_u_sci.fits,u,1.0287274
KiDS_DR2.0_182.0_1.5_u_sci.fits,u,0.8060581
KiDS_DR2.0_183.0_-0.5_g_sci.fits,g,1.0158061
KiDS_DR2.0_183.0_0.5_g_sci.fits,g,0.9750673
KiDS_DR2.0_183.0_-0.5_i_sci.fits,i,0.9926037
KiDS_DR2.0_183.0_0.5_i_sci.fits,i,0.861044
KiDS_DR2.0_183.0_-0.5_r_sci.fits,r,0.5920447
KiDS_DR2.0_183.0_0.5_r_sci.fits,r,0.5566567
KiDS_DR2.0_183.0_-0.5_u_sci.fits,u,1.0418955
KiDS_DR2.0_183.0_0.5_u_sci.fits,u,0.9390758
KiDS_DR2.0_183.0_1.5_g_sci.fits,g,0.7377635
KiDS_DR2.0_183.0_1.5_i_sci.fits,i,1.0323149
KiDS_DR2.0_183.0_1.5_r_sci.fits,r,0.5602042
KiDS_DR2.0_183.0_1.5_u_sci.fits,u,1.1049078
KiDS_DR2.0_186.0_0.5_g_sci.fits,g,0.8651229
KiDS_DR2.0_186.0_0.5_i_sci.fits,i,0.6494969
KiDS_DR2.0_186.0_0.5_r_sci.fits,r,0.6967877
KiDS_DR2.0_186.0_0.5_u_sci.fits,u,0.8671576
KiDS_DR2.0_186.0_1.5_g_sci.fits,g,1.1202849
KiDS_DR2.0_186.0_1.5_i_sci.fits,i,1.010284
KiDS_DR2.0_186.0_1.5_r_sci.fits,r,0.5550154
KiDS_DR2.0_186.0_1.5_u_sci.fits,u,1.0630616
KiDS_DR2.0_187.0_-0.5_g_sci.fits,g,0.8680082
KiDS_DR2.0_187.0_-0.5_i_sci.fits,i,0.7149791
KiDS_DR2.0_187.0_-0.5_r_sci.fits,r,0.6662709
KiDS_DR2.0_187.0_-0.5_u_sci.fits,u,1.073742
KiDS_DR2.0_212.0_0.5_g_sci.fits,g,0.9213823
KiDS_DR2.0_212.0_0.5_i_sci.fits,i,0.5511866
KiDS_DR2.0_212.0_0.5_r_sci.fits,r,0.5271728
KiDS_DR2.0_212.0_0.5_u_sci.fits,u,0.9099718
KiDS_DR2.0_215.6_-2.5_g_sci.fits,g,0.9312721
KiDS_DR2.0_215.6_2.5_g_sci.fits,g,0.9874725
KiDS_DR2.0_215.6_-2.5_i_sci.fits,i,0.9759553
KiDS_DR2.0_215.6_2.5_i_sci.fits,i,0.6701913
KiDS_DR2.0_215.6_-2.5_r_sci.fits,r,0.5939514
KiDS_DR2.0_215.6_2.5_r_sci.fits,r,0.7639198
KiDS_DR2.0_215.6_-2.5_u_sci.fits,u,1.0952133
KiDS_DR2.0_215.6_2.5_u_sci.fits,u,0.8068693
KiDS_DR2.0_219.0_-1.5_g_sci.fits,g,0.9640419
KiDS_DR2.0_219.0_-1.5_i_sci.fits,i,1.0123914
KiDS_DR2.0_219.0_-1.5_r_sci.fits,r,0.8128197
KiDS_DR2.0_219.0_-1.5_u_sci.fits,u,1.1885916
KiDS_DR2.0_219.6_-2.5_g_sci.fits,g,1.212131
KiDS_DR2.0_219.6_-2.5_i_sci.fits,i,0.7853995
KiDS_DR2.0_219.6_-2.5_r_sci.fits,r,0.6883236
KiDS_DR2.0_219.6_-2.5_u_sci.fits,u,1.1640767
KiDS_DR2.0_220.0_-0.5_g_sci.fits,g,0.6919843
KiDS_DR2.0_220.0_-0.5_i_sci.fits,i,0.6349575
KiDS_DR2.0_220.0_-0.5_r_sci.fits,r,0.7063358
KiDS_DR2.0_220.0_-0.5_u_sci.fits,u,0.8889822
KiDS_DR2.0_222.0_1.5_g_sci.fits,g,0.8237726
KiDS_DR2.0_222.0_1.5_i_sci.fits,i,0.8430587
KiDS_DR2.0_222.0_1.5_r_sci.fits,r,0.5854354
KiDS_DR2.0_222.0_1.5_u_sci.fits,u,1.0628746
KiDS_DR2.0_222.6_2.5_g_sci.fits,g,1.2744475
KiDS_DR2.0_222.6_2.5_i_sci.fits,i,0.8044284
KiDS_DR2.0_222.6_2.5_r_sci.fits,r,0.6452653
KiDS_DR2.0_222.6_2.5_u_sci.fits,u,1.2104806
KiDS_DR2.0_223.0_-0.5_g_sci.fits,g,1.0481273
KiDS_DR2.0_223.0_-0.5_i_sci.fits,i,0.9768382
KiDS_DR2.0_223.0_-0.5_r_sci.fits,r,0.6583842
KiDS_DR2.0_223.0_-0.5_u_sci.fits,u,0.8583604
KiDS_DR2.0_230.0_0.5_g_sci.fits,g,0.9386302
KiDS_DR2.0_230.0_0.5_i_sci.fits,i,1.0592138
KiDS_DR2.0_230.0_0.5_r_sci.fits,r,0.7662382
KiDS_DR2.0_230.0_0.5_u_sci.fits,u,1.042341
KiDS_DR2.0_231.0_-0.5_g_sci.fits,g,0.916574
KiDS_DR2.0_231.0_0.5_g_sci.fits,g,0.8319357
KiDS_DR2.0_231.0_-0.5_i_sci.fits,i,0.7393823
KiDS_DR2.0_231.0_0.5_i_sci.fits,i,0.8503059
KiDS_DR2.0_231.0_-0.5_r_sci.fits,r,0.6832532
KiDS_DR2.0_231.0_0.5_r_sci.fits,r,0.6893421
KiDS_DR2.0_231.0_-0.5_u_sci.fits,u,0.9878165
KiDS_DR2.0_231.0_0.5_u_sci.fits,u,1.1276178
KiDS_DR2.0_238.0_-0.5_g_sci.fits,g,0.8436224
KiDS_DR2.0_238.0_0.5_g_sci.fits,g,0.8520544
KiDS_DR2.0_238.0_-0.5_i_sci.fits,i,0.8982089
KiDS_DR2.0_238.0_0.5_i_sci.fits,i,0.9290783
KiDS_DR2.0_238.0_-0.5_r_sci.fits,r,0.6947679
KiDS_DR2.0_238.0_0.5_r_sci.fits,r,0.6519012
KiDS_DR2.0_238.0_-0.5_u_sci.fits,u,1.0849102
KiDS_DR2.0_238.0_0.5_u_sci.fits,u,0.9155912
KiDS_DR2.0_32.6_-31.2_g_sci.fits,g,0.8999395
KiDS_DR2.0_32.6_-31.2_i_sci.fits,i,0.7071829
KiDS_DR2.0_32.6_-31.2_r_sci.fits,r,0.7015169
KiDS_DR2.0_32.6_-31.2_u_sci.fits,u,1.0308364
KiDS_DR2.0_33.8_-31.2_g_sci.fits,g,0.906072
KiDS_DR2.0_33.8_-31.2_i_sci.fits,i,0.7212605
KiDS_DR2.0_33.8_-31.2_r_sci.fits,r,0.8399467
KiDS_DR2.0_33.8_-31.2_u_sci.fits,u,1.1373429
KiDS_DR2.0_339.0_-31.2_g_sci.fits,g,0.8163601
KiDS_DR2.0_339.0_-31.2_i_sci.fits,i,0.6756833
KiDS_DR2.0_339.0_-31.2_r_sci.fits,r,0.5649072
KiDS_DR2.0_339.0_-31.2_u_sci.fits,u,1.1694096
KiDS_DR2.0_340.2_-31.2_g_sci.fits,g,0.6942916
KiDS_DR2.0_340.2_-31.2_i_sci.fits,i,1.0051899
KiDS_DR2.0_340.2_-31.2_r_sci.fits,r,0.5729142
KiDS_DR2.0_340.2_-31.2_u_sci.fits,u,0.9508285
KiDS_DR2.0_341.4_-31.2_g_sci.fits,g,0.7852221
KiDS_DR2.0_341.4_-31.2_i_sci.fits,i,0.7755126
KiDS_DR2.0_341.4_-31.2_r_sci.fits,r,0.8168991
KiDS_DR2.0_341.4_-31.2_u_sci.fits,u,1.0282254
KiDS_DR2.0_342.2_-33.1_g_sci.fits,g,0.8509447
KiDS_DR2.0_342.2_-33.1_i_sci.fits,i,0.8505505
KiDS_DR2.0_342.2_-33.1_r_sci.fits,r,0.74281
KiDS_DR2.0_342.2_-33.1_u_sci.fits,u,1.1201603
KiDS_DR2.0_342.5_-31.2_g_sci.fits,g,0.8736084
KiDS_DR2.0_342.5_-31.2_i_sci.fits,i,0.7788578
KiDS_DR2.0_342.5_-31.2_r_sci.fits,r,0.5891471
KiDS_DR2.0_342.5_-31.2_u_sci.fits,u,1.0806657
KiDS_DR2.0_343.5_-32.1_g_sci.fits,g,0.7670634
KiDS_DR2.0_343.5_-32.1_i_sci.fits,i,0.9198944
KiDS_DR2.0_343.5_-32.1_r_sci.fits,r,0.7072978
KiDS_DR2.0_343.5_-32.1_u_sci.fits,u,1.0416855
KiDS_DR2.0_343.7_-31.2_g_sci.fits,g,0.8366289
KiDS_DR2.0_343.7_-31.2_i_sci.fits,i,0.5649881
KiDS_DR2.0_343.7_-31.2_r_sci.fits,r,0.8172013
KiDS_DR2.0_343.7_-31.2_u_sci.fits,u,1.0226539
KiDS_DR2.0_344.7_-32.1_g_sci.fits,g,0.7521027
KiDS_DR2.0_344.7_-32.1_i_sci.fits,i,0.96
KiDS_DR2.0_344.7_-32.1_r_sci.fits,r,0.6675576
KiDS_DR2.0_344.7_-32.1_u_sci.fits,u,0.8513609
KiDS_DR2.0_345.7_-33.1_g_sci.fits,g,0.9380216
KiDS_DR2.0_345.7_-33.1_i_sci.fits,i,0.7456328
KiDS_DR2.0_345.7_-33.1_r_sci.fits,r,0.7024154
KiDS_DR2.0_345.7_-33.1_u_sci.fits,u,0.9150168
KiDS_DR2.0_345.9_-32.1_g_sci.fits,g,0.813856
KiDS_DR2.0_345.9_-32.1_i_sci.fits,i,0.7196085
KiDS_DR2.0_345.9_-32.1_r_sci.fits,r,0.8223977
KiDS_DR2.0_345.9_-32.1_u_sci.fits,u,1.0228351
KiDS_DR2.0_349.5_-31.2_g_sci.fits,g,0.9363632
KiDS_DR2.0_349.5_-31.2_i_sci.fits,i,0.6938912
KiDS_DR2.0_349.5_-31.2_r_sci.fits,r,0.7050126
KiDS_DR2.0_349.5_-31.2_u_sci.fits,u,1.0382887
KiDS_DR2.0_354.2_-31.2_g_sci.fits,g,0.8878728
KiDS_DR2.0_354.2_-31.2_i_sci.fits,i,1.0830124
KiDS_DR2.0_354.2_-31.2_r_sci.fits,r,0.6913649
KiDS_DR2.0_354.2_-31.2_u_sci.fits,u,0.9321977
KiDS_DR2.0_355.3_-32.1_g_sci.fits,g,0.8523887
KiDS_DR2.0_355.3_-32.1_i_sci.fits,i,0.9096362
KiDS_DR2.0_355.3_-32.1_r_sci.fits,r,0.6105966
KiDS_DR2.0_355.3_-32.1_u_sci.fits,u,0.9479785
KiDS_DR2.0_38.8_-32.1_g_sci.fits,g,0.6696542
KiDS_DR2.0_38.8_-32.1_i_sci.fits,i,0.9367643
KiDS_DR2.0_38.8_-32.1_r_sci.fits,r,0.8229301
KiDS_DR2.0_38.8_-32.1_u_sci.fits,u,0.8023717
KiDS_DR2.0_39.6_-34.1_g_sci.fits,g,0.7403087
KiDS_DR2.0_39.6_-34.1_i_sci.fits,i,0.5837776
KiDS_DR2.0_39.6_-34.1_r_sci.fits,r,0.5549448
KiDS_DR2.0_39.6_-34.1_u_sci.fits,u,0.8312979
KiDS_DR2.0_40.3_-30.2_g_sci.fits,g,0.6995865
KiDS_DR2.0_40.3_-30.2_i_sci.fits,i,0.6490012
KiDS_DR2.0_40.3_-30.2_r_sci.fits,r,0.5543149
KiDS_DR2.0_40.3_-30.2_u_sci.fits,u,0.9743944
KiDS_DR2.0_43.5_-32.1_g_sci.fits,g,0.7762404
KiDS_DR2.0_43.5_-32.1_i_sci.fits,i,0.6592764
KiDS_DR2.0_43.5_-32.1_r_sci.fits,r,0.682716
KiDS_DR2.0_43.5_-32.1_u_sci.fits,u,1.0018471
KiDS_DR2.0_44.9_-30.2_g_sci.fits,g,0.6507627
KiDS_DR2.0_44.9_-30.2_i_sci.fits,i,0.7322778
KiDS_DR2.0_44.9_-30.2_r_sci.fits,r,0.4878524
KiDS_DR2.0_44.9_-30.2_u_sci.fits,u,0.9804028
KiDS_DR2.0_46.0_-30.2_g_sci.fits,g,0.8439434
KiDS_DR2.0_46.0_-30.2_i_sci.fits,i,0.8812088
KiDS_DR2.0_46.0_-30.2_r_sci.fits,r,0.5384993
KiDS_DR2.0_46.0_-30.2_u_sci.fits,u,0.874805
KiDS_DR2.0_47.8_-31.2_g_sci.fits,g,1.0779474
KiDS_DR2.0_47.8_-31.2_i_sci.fits,i,1.0360394
KiDS_DR2.0_47.8_-31.2_r_sci.fits,r,0.6063884
KiDS_DR2.0_47.8_-31.2_u_sci.fits,u,1.0098993
KiDS_DR2.0_49.2_-34.1_g_sci.fits,g,0.7121567
KiDS_DR2.0_49.2_-34.1_i_sci.fits,i,0.6438859
KiDS_DR2.0_49.2_-34.1_r_sci.fits,r,0.5485384
KiDS_DR2.0_49.2_-34.1_u_sci.fits,u,0.9726573
KiDS_DR2.0_51.3_-31.2_g_sci.fits,g,0.918347
KiDS_DR2.0_51.3_-31.2_i_sci.fits,i,0.8269456
KiDS_DR2.0_51.3_-31.2_r_sci.fits,r,0.8960579
KiDS_DR2.0_51.3_-31.2_u_sci.fits,u,1.1358039
KiDS_DR2.0_52.4_-31.2_g_sci.fits,g,0.6269803
KiDS_DR2.0_52.4_-31.2_i_sci.fits,i,0.9839365
KiDS_DR2.0_52.4_-31.2_r_sci.fits,r,0.6403688
KiDS_DR2.0_52.4_-31.2_u_sci.fits,u,1.02312
KiDS_DR3.0_0.0_-31.2_g_sci.fits,g,0.66679
KiDS_DR3.0_0.0_-31.2_i_sci.fits,i,0.54632
KiDS_DR3.0_0.0_-31.2_r_sci.fits,r,0.59067
KiDS_DR3.0_0.0_-31.2_u_sci.fits,u,0.93211
KiDS_DR3.0_0.0_-33.1_g_sci.fits,g,0.81841
KiDS_DR3.0_0.0_-33.1_i_sci.fits,i,0.93536
KiDS_DR3.0_0.0_-33.1_r_sci.fits,r,0.62958
KiDS_DR3.0_0.0_-33.1_u_sci.fits,u,1.04743
KiDS_DR3.0_1.2_-32.1_g_sci.fits,g,1.04685
KiDS_DR3.0_1.2_-32.1_i_sci.fits,i,0.56447
KiDS_DR3.0_1.2_-32.1_r_sci.fits,r,0.67198
KiDS_DR3.0_1.2_-32.1_u_sci.fits,u,0.93619
KiDS_DR3.0_1.2_-33.1_g_sci.fits,g,0.70138
KiDS_DR3.0_1.2_-33.1_i_sci.fits,i,0.53551
KiDS_DR3.0_1.2_-33.1_r_sci.fits,r,0.70133
KiDS_DR3.0_1.2_-33.1_u_sci.fits,u,1.12589
KiDS_DR3.0_131.0_-0.5_g_sci.fits,g,0.85402
KiDS_DR3.0_131.0_-0.5_i_sci.fits,i,1.08825
KiDS_DR3.0_131.0_-0.5_r_sci.fits,r,0.63105
KiDS_DR3.0_131.0_-0.5_u_sci.fits,u,0.96939
KiDS_DR3.0_132.0_-1.5_g_sci.fits,g,0.88452
KiDS_DR3.0_132.0_-1.5_i_sci.fits,i,0.62643
KiDS_DR3.0_132.0_-1.5_r_sci.fits,r,0.64866
KiDS_DR3.0_132.0_-1.5_u_sci.fits,u,0.96616
KiDS_DR3.0_133.0_-1.5_g_sci.fits,g,0.90879
KiDS_DR3.0_133.0_-1.5_i_sci.fits,i,0.75548
KiDS_DR3.0_133.0_-1.5_r_sci.fits,r,0.63495
KiDS_DR3.0_133.0_-1.5_u_sci.fits,u,0.95006
KiDS_DR3.0_134.0_0.5_g_sci.fits,g,0.63647
KiDS_DR3.0_134.0_0.5_i_sci.fits,i,0.83287
KiDS_DR3.0_134.0_0.5_r_sci.fits,r,0.80049
KiDS_DR3.0_134.0_0.5_u_sci.fits,u,1.1645
KiDS_DR3.0_134.0_-1.5_g_sci.fits,g,0.76456
KiDS_DR3.0_134.0_1.5_g_sci.fits,g,1.18788
KiDS_DR3.0_134.0_-1.5_i_sci.fits,i,1.0384
KiDS_DR3.0_134.0_1.5_i_sci.fits,i,0.72435
KiDS_DR3.0_134.0_-1.5_r_sci.fits,r,0.7496
KiDS_DR3.0_134.0_1.5_r_sci.fits,r,0.84038
KiDS_DR3.0_134.0_-1.5_u_sci.fits,u,1.2238
KiDS_DR3.0_134.0_1.5_u_sci.fits,u,0.85208
KiDS_DR3.0_134.4_2.5_g_sci.fits,g,0.91256
KiDS_DR3.0_134.4_2.5_i_sci.fits,i,0.76016
KiDS_DR3.0_134.4_2.5_r_sci.fits,r,0.92645
KiDS_DR3.0_134.4_2.5_u_sci.fits,u,0.93501
KiDS_DR3.0_135.0_-0.5_g_sci.fits,g,0.77552
KiDS_DR3.0_135.0_-0.5_i_sci.fits,i,1.05168
KiDS_DR3.0_135.0_-0.5_r_sci.fits,r,0.66019
KiDS_DR3.0_135.0_-0.5_u_sci.fits,u,1.12532
KiDS_DR3.0_137.0_0.5_g_sci.fits,g,0.96337
KiDS_DR3.0_137.0_0.5_i_sci.fits,i,1.0759
KiDS_DR3.0_137.0_0.5_r_sci.fits,r,0.67945
KiDS_DR3.0_137.0_0.5_u_sci.fits,u,1.25288
KiDS_DR3.0_137.0_-1.5_g_sci.fits,g,0.61326
KiDS_DR3.0_137.0_1.5_g_sci.fits,g,0.98044
KiDS_DR3.0_137.0_-1.5_i_sci.fits,i,0.76042
KiDS_DR3.0_137.0_1.5_i_sci.fits,i,0.77631
KiDS_DR3.0_137.0_-1.5_r_sci.fits,r,0.65512
KiDS_DR3.0_137.0_1.5_r_sci.fits,r,0.59483
KiDS_DR3.0_137.0_-1.5_u_sci.fits,u,0.96176
KiDS_DR3.0_137.0_1.5_u_sci.fits,u,0.81248
KiDS_DR3.0_137.4_2.5_g_sci.fits,g,0.8543
KiDS_DR3.0_137.4_2.5_i_sci.fits,i,0.64561
KiDS_DR3.0_137.4_2.5_r_sci.fits,r,0.71156
KiDS_DR3.0_137.4_2.5_u_sci.fits,u,1.11155
KiDS_DR3.0_138.0_-0.5_g_sci.fits,g,0.73475
KiDS_DR3.0_138.0_0.5_g_sci.fits,g,0.9192
KiDS_DR3.0_138.0_-0.5_i_sci.fits,i,0.84739
KiDS_DR3.0_138.0_0.5_i_sci.fits,i,0.72408
KiDS_DR3.0_138.0_-0.5_r_sci.fits,r,0.75085
KiDS_DR3.0_138.0_0.5_r_sci.fits,r,0.73645
KiDS_DR3.0_138.0_-0.5_u_sci.fits,u,0.9361
KiDS_DR3.0_138.0_0.5_u_sci.fits,u,1.2124
KiDS_DR3.0_138.0_-1.5_g_sci.fits,g,0.95467
KiDS_DR3.0_138.0_1.5_g_sci.fits,g,1.03286
KiDS_DR3.0_138.0_-1.5_i_sci.fits,i,0.85086
KiDS_DR3.0_138.0_1.5_i_sci.fits,i,0.8275
KiDS_DR3.0_138.0_-1.5_r_sci.fits,r,0.49508
KiDS_DR3.0_138.0_1.5_r_sci.fits,r,0.88234
KiDS_DR3.0_138.0_-1.5_u_sci.fits,u,0.88896
KiDS_DR3.0_138.0_1.5_u_sci.fits,u,0.94959
KiDS_DR3.0_138.4_2.5_g_sci.fits,g,0.76259
KiDS_DR3.0_138.4_2.5_i_sci.fits,i,0.94484
KiDS_DR3.0_138.4_2.5_r_sci.fits,r,0.93026
KiDS_DR3.0_138.4_2.5_u_sci.fits,u,1.03349
KiDS_DR3.0_140.0_0.5_g_sci.fits,g,0.63954
KiDS_DR3.0_140.0_0.5_i_sci.fits,i,0.69559
KiDS_DR3.0_140.0_0.5_r_sci.fits,r,0.65138
KiDS_DR3.0_140.0_0.5_u_sci.fits,u,0.85949
KiDS_DR3.0_140.4_2.5_g_sci.fits,g,0.76291
KiDS_DR3.0_140.4_2.5_i_sci.fits,i,0.79387
KiDS_DR3.0_140.4_2.5_r_sci.fits,r,0.68965
KiDS_DR3.0_140.4_2.5_u_sci.fits,u,0.87662
KiDS_DR3.0_141.0_0.5_g_sci.fits,g,1.09688
KiDS_DR3.0_141.0_0.5_i_sci.fits,i,0.92491
KiDS_DR3.0_141.0_0.5_r_sci.fits,r,0.65613
KiDS_DR3.0_141.0_0.5_u_sci.fits,u,1.17662
KiDS_DR3.0_141.4_2.5_g_sci.fits,g,0.80324
KiDS_DR3.0_141.4_2.5_i_sci.fits,i,0.80645
KiDS_DR3.0_141.4_2.5_r_sci.fits,r,0.67402
KiDS_DR3.0_141.4_2.5_u_sci.fits,u,1.09707
KiDS_DR3.0_150.1_2.2_g_sci.fits,g,1.04058
KiDS_DR3.0_150.1_2.2_i_sci.fits,i,1.03871
KiDS_DR3.0_150.1_2.2_r_sci.fits,r,0.54968
KiDS_DR3.0_150.1_2.2_u_sci.fits,u,0.73779
KiDS_DR3.0_156.0_0.5_g_sci.fits,g,0.80999
KiDS_DR3.0_156.0_0.5_i_sci.fits,i,0.79443
KiDS_DR3.0_156.0_0.5_r_sci.fits,r,0.71642
KiDS_DR3.0_156.0_0.5_u_sci.fits,u,1.14748
KiDS_DR3.0_157.0_0.5_g_sci.fits,g,0.71904
KiDS_DR3.0_157.0_0.5_i_sci.fits,i,0.72836
KiDS_DR3.0_157.0_0.5_r_sci.fits,r,0.68947
KiDS_DR3.0_157.0_0.5_u_sci.fits,u,1.08748
KiDS_DR3.0_158.0_0.5_g_sci.fits,g,0.80424
KiDS_DR3.0_158.0_0.5_i_sci.fits,i,0.79239
KiDS_DR3.0_158.0_0.5_r_sci.fits,r,0.64812
KiDS_DR3.0_158.0_0.5_u_sci.fits,u,1.22779
KiDS_DR3.0_159.0_0.5_g_sci.fits,g,0.77659
KiDS_DR3.0_159.0_0.5_i_sci.fits,i,0.7753
KiDS_DR3.0_159.0_0.5_r_sci.fits,r,0.70899
KiDS_DR3.0_159.0_0.5_u_sci.fits,u,0.96239
KiDS_DR3.0_160.0_0.5_g_sci.fits,g,0.91521
KiDS_DR3.0_160.0_0.5_i_sci.fits,i,0.68193
KiDS_DR3.0_160.0_0.5_r_sci.fits,r,0.96284
KiDS_DR3.0_160.0_0.5_u_sci.fits,u,1.03394
KiDS_DR3.0_161.0_0.5_g_sci.fits,g,0.71101
KiDS_DR3.0_161.0_0.5_i_sci.fits,i,0.82624
KiDS_DR3.0_161.0_0.5_r_sci.fits,r,0.6315
KiDS_DR3.0_161.0_0.5_u_sci.fits,u,0.93025
KiDS_DR3.0_162.0_0.5_g_sci.fits,g,0.78327
KiDS_DR3.0_162.0_0.5_i_sci.fits,i,0.64453
KiDS_DR3.0_162.0_0.5_r_sci.fits,r,0.84125
KiDS_DR3.0_162.0_0.5_u_sci.fits,u,1.13892
KiDS_DR3.0_163.0_0.5_g_sci.fits,g,0.9874
KiDS_DR3.0_163.0_0.5_i_sci.fits,i,0.61509
KiDS_DR3.0_163.0_0.5_r_sci.fits,r,0.78876
KiDS_DR3.0_163.0_0.5_u_sci.fits,u,0.78444
KiDS_DR3.0_164.0_0.5_g_sci.fits,g,0.93157
KiDS_DR3.0_164.0_0.5_i_sci.fits,i,0.85897
KiDS_DR3.0_164.0_0.5_r_sci.fits,r,0.72379
KiDS_DR3.0_164.0_0.5_u_sci.fits,u,1.11457
KiDS_DR3.0_165.0_0.5_g_sci.fits,g,1.05771
KiDS_DR3.0_165.0_0.5_i_sci.fits,i,0.90198
KiDS_DR3.0_165.0_0.5_r_sci.fits,r,0.4997
KiDS_DR3.0_165.0_0.5_u_sci.fits,u,0.80888
KiDS_DR3.0_168.0_0.5_g_sci.fits,g,0.61403
KiDS_DR3.0_168.0_0.5_i_sci.fits,i,0.60914
KiDS_DR3.0_168.0_0.5_r_sci.fits,r,0.71495
KiDS_DR3.0_168.0_0.5_u_sci.fits,u,1.02856
KiDS_DR3.0_169.0_0.5_g_sci.fits,g,0.68148
KiDS_DR3.0_169.0_0.5_i_sci.fits,i,0.7676
KiDS_DR3.0_169.0_0.5_r_sci.fits,r,0.76635
KiDS_DR3.0_169.0_0.5_u_sci.fits,u,1.11498
KiDS_DR3.0_172.5_-2.5_g_sci.fits,g,0.9189
KiDS_DR3.0_172.5_-2.5_i_sci.fits,i,0.60388
KiDS_DR3.0_172.5_-2.5_r_sci.fits,r,0.77135
KiDS_DR3.0_172.5_-2.5_u_sci.fits,u,1.09869
KiDS_DR3.0_173.0_-0.5_g_sci.fits,g,0.79667
KiDS_DR3.0_173.0_-0.5_i_sci.fits,i,0.76877
KiDS_DR3.0_173.0_-0.5_r_sci.fits,r,0.60936
KiDS_DR3.0_173.0_-0.5_u_sci.fits,u,0.95659
KiDS_DR3.0_173.5_-2.5_g_sci.fits,g,1.07133
KiDS_DR3.0_173.5_2.5_g_sci.fits,g,0.6663
KiDS_DR3.0_173.5_-2.5_i_sci.fits,i,0.85725
KiDS_DR3.0_173.5_2.5_i_sci.fits,i,0.95792
KiDS_DR3.0_173.5_-2.5_r_sci.fits,r,0.6028
KiDS_DR3.0_173.5_2.5_r_sci.fits,r,0.74617
KiDS_DR3.0_173.5_-2.5_u_sci.fits,u,1.24598
KiDS_DR3.0_173.5_2.5_u_sci.fits,u,1.06725
KiDS_DR3.0_174.0_-0.5_g_sci.fits,g,0.84501
KiDS_DR3.0_174.0_-0.5_i_sci.fits,i,1.06261
KiDS_DR3.0_174.0_-0.5_r_sci.fits,r,0.73639
KiDS_DR3.0_174.0_-0.5_u_sci.fits,u,0.94483
KiDS_DR3.0_174.0_1.5_g_sci.fits,g,0.63438
KiDS_DR3.0_174.0_1.5_i_sci.fits,i,0.80078
KiDS_DR3.0_174.0_1.5_r_sci.fits,r,0.8607
KiDS_DR3.0_174.0_1.5_u_sci.fits,u,1.0079
KiDS_DR3.0_174.5_-2.5_g_sci.fits,g,0.83609
KiDS_DR3.0_174.5_2.5_g_sci.fits,g,0.72182
KiDS_DR3.0_174.5_-2.5_i_sci.fits,i,0.76722
KiDS_DR3.0_174.5_2.5_i_sci.fits,i,0.74341
KiDS_DR3.0_174.5_-2.5_r_sci.fits,r,0.82836
KiDS_DR3.0_174.5_2.5_r_sci.fits,r,0.56349
KiDS_DR3.0_174.5_-2.5_u_sci.fits,u,0.9133
KiDS_DR3.0_174.5_2.5_u_sci.fits,u,0.82482
KiDS_DR3.0_175.0_0.5_g_sci.fits,g,0.69225
KiDS_DR3.0_175.0_0.5_i_sci.fits,i,0.89957
KiDS_DR3.0_175.0_0.5_r_sci.fits,r,0.72137
KiDS_DR3.0_175.0_0.5_u_sci.fits,u,0.85133
KiDS_DR3.0_175.5_-2.5_g_sci.fits,g,0.75907
KiDS_DR3.0_175.5_2.5_g_sci.fits,g,0.88897
KiDS_DR3.0_175.5_-2.5_i_sci.fits,i,0.78299
KiDS_DR3.0_175.5_2.5_i_sci.fits,i,1.07803
KiDS_DR3.0_175.5_-2.5_r_sci.fits,r,0.80692
KiDS_DR3.0_175.5_2.5_r_sci.fits,r,0.63878
KiDS_DR3.0_175.5_-2.5_u_sci.fits,u,1.13977
KiDS_DR3.0_175.5_2.5_u_sci.fits,u,1.03614
KiDS_DR3.0_176.0_-0.5_g_sci.fits,g,0.91375
KiDS_DR3.0_176.0_0.5_g_sci.fits,g,0.83571
KiDS_DR3.0_176.0_-0.5_i_sci.fits,i,1.02966
KiDS_DR3.0_176.0_0.5_i_sci.fits,i,1.02812
KiDS_DR3.0_176.0_-0.5_r_sci.fits,r,0.86029
KiDS_DR3.0_176.0_0.5_r_sci.fits,r,0.57449
KiDS_DR3.0_176.0_-0.5_u_sci.fits,u,1.07562
KiDS_DR3.0_176.0_0.5_u_sci.fits,u,0.8436
KiDS_DR3.0_176.0_-1.5_g_sci.fits,g,0.81141
KiDS_DR3.0_176.0_-1.5_i_sci.fits,i,0.83271
KiDS_DR3.0_176.0_-1.5_r_sci.fits,r,0.5461
KiDS_DR3.0_176.0_-1.5_u_sci.fits,u,0.9102
KiDS_DR3.0_176.5_-2.5_g_sci.fits,g,0.73095
KiDS_DR3.0_176.5_2.5_g_sci.fits,g,0.77294
KiDS_DR3.0_176.5_-2.5_i_sci.fits,i,0.90948
KiDS_DR3.0_176.5_2.5_i_sci.fits,i,1.02272
KiDS_DR3.0_176.5_-2.5_r_sci.fits,r,0.68759
KiDS_DR3.0_176.5_2.5_r_sci.fits,r,0.62421
KiDS_DR3.0_176.5_-2.5_u_sci.fits,u,0.99657
KiDS_DR3.0_176.5_2.5_u_sci.fits,u,0.97726
KiDS_DR3.0_177.0_1.5_g_sci.fits,g,0.83176
KiDS_DR3.0_177.0_1.5_i_sci.fits,i,0.83458
KiDS_DR3.0_177.0_1.5_r_sci.fits,r,0.64138
KiDS_DR3.0_177.0_1.5_u_sci.fits,u,1.09179
KiDS_DR3.0_177.5_-2.5_g_sci.fits,g,0.77066
KiDS_DR3.0_177.5_2.5_g_sci.fits,g,0.86323
KiDS_DR3.0_177.5_-2.5_i_sci.fits,i,0.98215
KiDS_DR3.0_177.5_2.5_i_sci.fits,i,0.84555
KiDS_DR3.0_177.5_-2.5_r_sci.fits,r,0.59225
KiDS_DR3.0_177.5_2.5_r_sci.fits,r,0.76125
KiDS_DR3.0_177.5_-2.5_u_sci.fits,u,1.19097
KiDS_DR3.0_177.5_2.5_u_sci.fits,u,1.08376
KiDS_DR3.0_178.0_0.5_g_sci.fits,g,0.75995
KiDS_DR3.0_178.0_0.5_i_sci.fits,i,0.87385
KiDS_DR3.0_178.0_0.5_r_sci.fits,r,0.64366
KiDS_DR3.0_178.0_0.5_u_sci.fits,u,0.67344
KiDS_DR3.0_178.0_-1.5_g_sci.fits,g,0.66604
KiDS_DR3.0_178.0_-1.5_i_sci.fits,i,0.94217
KiDS_DR3.0_178.0_-1.5_r_sci.fits,r,0.55306
KiDS_DR3.0_178.0_-1.5_u_sci.fits,u,1.03275
KiDS_DR3.0_178.5_-2.5_g_sci.fits,g,1.13127
KiDS_DR3.0_178.5_2.5_g_sci.fits,g,1.17049
KiDS_DR3.0_178.5_-2.5_i_sci.fits,i,0.77945
KiDS_DR3.0_178.5_2.5_i_sci.fits,i,0.9772
KiDS_DR3.0_178.5_-2.5_r_sci.fits,r,0.7583
KiDS_DR3.0_178.5_2.5_r_sci.fits,r,0.6646
KiDS_DR3.0_178.5_-2.5_u_sci.fits,u,1.06016
KiDS_DR3.0_178.5_2.5_u_sci.fits,u,1.01213
KiDS_DR3.0_179.5_-2.5_g_sci.fits,g,1.00253
KiDS_DR3.0_179.5_2.5_g_sci.fits,g,0.61057
KiDS_DR3.0_179.5_-2.5_i_sci.fits,i,1.13082
KiDS_DR3.0_179.5_2.5_i_sci.fits,i,1.00817
KiDS_DR3.0_179.5_-2.5_r_sci.fits,r,0.65922
KiDS_DR3.0_179.5_2.5_r_sci.fits,r,0.64916
KiDS_DR3.0_179.5_-2.5_u_sci.fits,u,1.10033
KiDS_DR3.0_179.5_2.5_u_sci.fits,u,1.07595
KiDS_DR3.0_180.0_0.5_g_sci.fits,g,0.7597
KiDS_DR3.0_180.0_0.5_i_sci.fits,i,0.93113
KiDS_DR3.0_180.0_0.5_r_sci.fits,r,0.71743
KiDS_DR3.0_180.0_0.5_u_sci.fits,u,0.9506
KiDS_DR3.0_180.5_-2.5_g_sci.fits,g,0.89833
KiDS_DR3.0_180.5_2.5_g_sci.fits,g,0.76314
KiDS_DR3.0_180.5_-2.5_i_sci.fits,i,0.98524
KiDS_DR3.0_180.5_2.5_i_sci.fits,i,0.82555
KiDS_DR3.0_180.5_-2.5_r_sci.fits,r,0.81503
KiDS_DR3.0_180.5_2.5_r_sci.fits,r,0.60894
KiDS_DR3.0_180.5_-2.5_u_sci.fits,u,0.94083
KiDS_DR3.0_180.5_2.5_u_sci.fits,u,1.08
KiDS_DR3.0_181.0_-0.5_g_sci.fits,g,0.81797
KiDS_DR3.0_181.0_-0.5_i_sci.fits,i,0.76446
KiDS_DR3.0_181.0_-0.5_r_sci.fits,r,0.7978
KiDS_DR3.0_181.0_-0.5_u_sci.fits,u,1.12982
KiDS_DR3.0_181.0_1.5_g_sci.fits,g,0.68632
KiDS_DR3.0_181.0_1.5_i_sci.fits,i,0.83731
KiDS_DR3.0_181.0_1.5_r_sci.fits,r,0.5735
KiDS_DR3.0_181.0_1.5_u_sci.fits,u,0.90531
KiDS_DR3.0_181.5_-2.5_g_sci.fits,g,1.12042
KiDS_DR3.0_181.5_2.5_g_sci.fits,g,0.74407
KiDS_DR3.0_181.5_-2.5_i_sci.fits,i,0.92863
KiDS_DR3.0_181.5_2.5_i_sci.fits,i,0.88401
KiDS_DR3.0_181.5_-2.5_r_sci.fits,r,0.64987
KiDS_DR3.0_181.5_2.5_r_sci.fits,r,0.61721
KiDS_DR3.0_181.5_-2.5_u_sci.fits,u,0.87514
KiDS_DR3.0_181.5_2.5_u_sci.fits,u,1.05817
KiDS_DR3.0_182.0_-0.5_g_sci.fits,g,0.74711
KiDS_DR3.0_182.0_0.5_g_sci.fits,g,0.78306
KiDS_DR3.0_182.0_-0.5_i_sci.fits,i,0.95591
KiDS_DR3.0_182.0_0.5_i_sci.fits,i,0.99342
KiDS_DR3.0_182.0_-0.5_r_sci.fits,r,0.48447
KiDS_DR3.0_182.0_0.5_r_sci.fits,r,0.6438
KiDS_DR3.0_182.0_-0.5_u_sci.fits,u,1.1417
KiDS_DR3.0_182.0_0.5_u_sci.fits,u,1.11619
KiDS_DR3.0_182.5_-2.5_g_sci.fits,g,0.72093
KiDS_DR3.0_182.5_2.5_g_sci.fits,g,0.84871
KiDS_DR3.0_182.5_-2.5_i_sci.fits,i,0.8905
KiDS_DR3.0_182.5_2.5_i_sci.fits,i,0.70988
KiDS_DR3.0_182.5_-2.5_r_sci.fits,r,0.76057
KiDS_DR3.0_182.5_2.5_r_sci.fits,r,0.81293
KiDS_DR3.0_182.5_-2.5_u_sci.fits,u,0.99626
KiDS_DR3.0_182.5_2.5_u_sci.fits,u,1.27671
KiDS_DR3.0_183.0_-1.5_g_sci.fits,g,0.84954
KiDS_DR3.0_183.0_-1.5_i_sci.fits,i,1.03056
KiDS_DR3.0_183.0_-1.5_r_sci.fits,r,0.61632
KiDS_DR3.0_183.0_-1.5_u_sci.fits,u,1.01458
KiDS_DR3.0_183.5_-2.5_g_sci.fits,g,0.89393
KiDS_DR3.0_183.5_2.5_g_sci.fits,g,1.02192
KiDS_DR3.0_183.5_-2.5_i_sci.fits,i,0.91942
KiDS_DR3.0_183.5_2.5_i_sci.fits,i,0.73317
KiDS_DR3.0_183.5_-2.5_r_sci.fits,r,0.7255
KiDS_DR3.0_183.5_2.5_r_sci.fits,r,0.88009
KiDS_DR3.0_183.5_-2.5_u_sci.fits,u,1.02053
KiDS_DR3.0_183.5_2.5_u_sci.fits,u,0.9285
KiDS_DR3.0_184.5_-2.5_g_sci.fits,g,0.84287
KiDS_DR3.0_184.5_2.5_g_sci.fits,g,0.69442
KiDS_DR3.0_184.5_-2.5_i_sci.fits,i,0.72148
KiDS_DR3.0_184.5_2.5_i_sci.fits,i,0.7274
KiDS_DR3.0_184.5_-2.5_r_sci.fits,r,0.72011
KiDS_DR3.0_184.5_2.5_r_sci.fits,r,0.79012
KiDS_DR3.0_184.5_-2.5_u_sci.fits,u,0.72289
KiDS_DR3.0_184.5_2.5_u_sci.fits,u,0.89226
KiDS_DR3.0_185.5_-2.5_g_sci.fits,g,0.67548
KiDS_DR3.0_185.5_2.5_g_sci.fits,g,0.89956
KiDS_DR3.0_185.5_-2.5_i_sci.fits,i,0.77572
KiDS_DR3.0_185.5_2.5_i_sci.fits,i,0.78192
KiDS_DR3.0_185.5_-2.5_r_sci.fits,r,0.77945
KiDS_DR3.0_185.5_2.5_r_sci.fits,r,0.55243
KiDS_DR3.0_185.5_-2.5_u_sci.fits,u,0.79823
KiDS_DR3.0_185.5_2.5_u_sci.fits,u,1.08662
KiDS_DR3.0_186.0_-1.5_g_sci.fits,g,0.73412
KiDS_DR3.0_186.0_-1.5_i_sci.fits,i,1.06236
KiDS_DR3.0_186.0_-1.5_r_sci.fits,r,0.85101
KiDS_DR3.0_186.0_-1.5_u_sci.fits,u,1.20487
KiDS_DR3.0_186.5_-2.5_g_sci.fits,g,0.79335
KiDS_DR3.0_186.5_2.5_g_sci.fits,g,0.96051
KiDS_DR3.0_186.5_-2.5_i_sci.fits,i,0.71899
KiDS_DR3.0_186.5_2.5_i_sci.fits,i,0.70456
KiDS_DR3.0_186.5_-2.5_r_sci.fits,r,0.64378
KiDS_DR3.0_186.5_2.5_r_sci.fits,r,0.63389
KiDS_DR3.0_186.5_-2.5_u_sci.fits,u,1.26061
KiDS_DR3.0_186.5_2.5_u_sci.fits,u,1.05219
KiDS_DR3.0_187.0_0.5_g_sci.fits,g,1.07914
KiDS_DR3.0_187.0_0.5_i_sci.fits,i,0.89476
KiDS_DR3.0_187.0_0.5_r_sci.fits,r,0.602
KiDS_DR3.0_187.0_0.5_u_sci.fits,u,1.07235
KiDS_DR3.0_187.0_-1.5_g_sci.fits,g,0.84666
KiDS_DR3.0_187.0_1.5_g_sci.fits,g,0.95043
KiDS_DR3.0_187.0_-1.5_i_sci.fits,i,0.61779
KiDS_DR3.0_187.0_1.5_i_sci.fits,i,0.74359
KiDS_DR3.0_187.0_-1.5_r_sci.fits,r,0.7826
KiDS_DR3.0_187.0_1.5_r_sci.fits,r,0.766
KiDS_DR3.0_187.0_-1.5_u_sci.fits,u,1.19015
KiDS_DR3.0_187.0_1.5_u_sci.fits,u,0.9524
KiDS_DR3.0_187.5_-2.5_g_sci.fits,g,0.95826
KiDS_DR3.0_187.5_2.5_g_sci.fits,g,1.08531
KiDS_DR3.0_187.5_-2.5_i_sci.fits,i,0.51656
KiDS_DR3.0_187.5_2.5_i_sci.fits,i,0.61422
KiDS_DR3.0_187.5_-2.5_r_sci.fits,r,0.65425
KiDS_DR3.0_187.5_2.5_r_sci.fits,r,0.59317
KiDS_DR3.0_187.5_-2.5_u_sci.fits,u,0.77002
KiDS_DR3.0_187.5_2.5_u_sci.fits,u,1.0007
KiDS_DR3.0_188.0_-0.5_g_sci.fits,g,0.79618
KiDS_DR3.0_188.0_0.5_g_sci.fits,g,0.77169
KiDS_DR3.0_188.0_-0.5_i_sci.fits,i,0.61799
KiDS_DR3.0_188.0_0.5_i_sci.fits,i,0.575
KiDS_DR3.0_188.0_-0.5_r_sci.fits,r,0.90042
KiDS_DR3.0_188.0_0.5_r_sci.fits,r,0.84958
KiDS_DR3.0_188.0_-0.5_u_sci.fits,u,0.88886
KiDS_DR3.0_188.0_0.5_u_sci.fits,u,1.18675
KiDS_DR3.0_189.0_-0.5_g_sci.fits,g,0.78621
KiDS_DR3.0_189.0_-0.5_i_sci.fits,i,1.26378
KiDS_DR3.0_189.0_-0.5_r_sci.fits,r,0.77452
KiDS_DR3.0_189.0_-0.5_u_sci.fits,u,1.06341
KiDS_DR3.0_19.2_-34.1_g_sci.fits,g,0.91068
KiDS_DR3.0_19.2_-34.1_i_sci.fits,i,0.9311
KiDS_DR3.0_19.2_-34.1_r_sci.fits,r,0.65896
KiDS_DR3.0_19.2_-34.1_u_sci.fits,u,0.84158
KiDS_DR3.0_197.0_-0.5_g_sci.fits,g,1.13024
KiDS_DR3.0_197.0_-0.5_i_sci.fits,i,0.917
KiDS_DR3.0_197.0_-0.5_r_sci.fits,r,0.71778
KiDS_DR3.0_197.0_-0.5_u_sci.fits,u,0.85713
KiDS_DR3.0_206.0_0.5_g_sci.fits,g,0.81793
KiDS_DR3.0_206.0_0.5_i_sci.fits,i,0.76715
KiDS_DR3.0_206.0_0.5_r_sci.fits,r,0.5938
KiDS_DR3.0_206.0_0.5_u_sci.fits,u,0.86706
KiDS_DR3.0_207.0_-0.5_g_sci.fits,g,1.20545
KiDS_DR3.0_207.0_-0.5_i_sci.fits,i,0.73805
KiDS_DR3.0_207.0_-0.5_r_sci.fits,r,0.64556
KiDS_DR3.0_207.0_-0.5_u_sci.fits,u,1.03261
KiDS_DR3.0_210.6_-2.5_g_sci.fits,g,0.68091
KiDS_DR3.0_210.6_2.5_g_sci.fits,g,0.8925
KiDS_DR3.0_210.6_-2.5_i_sci.fits,i,0.86481
KiDS_DR3.0_210.6_2.5_i_sci.fits,i,0.67689
KiDS_DR3.0_210.6_-2.5_r_sci.fits,r,0.72421
KiDS_DR3.0_210.6_2.5_r_sci.fits,r,0.54186
KiDS_DR3.0_210.6_-2.5_u_sci.fits,u,1.03828
KiDS_DR3.0_210.6_2.5_u_sci.fits,u,1.16008
KiDS_DR3.0_211.0_-0.5_g_sci.fits,g,1.05594
KiDS_DR3.0_211.0_0.5_g_sci.fits,g,1.0568
KiDS_DR3.0_211.0_-0.5_i_sci.fits,i,0.6533
KiDS_DR3.0_211.0_0.5_i_sci.fits,i,0.79369
KiDS_DR3.0_211.0_-0.5_r_sci.fits,r,0.6977
KiDS_DR3.0_211.0_0.5_r_sci.fits,r,0.57956
KiDS_DR3.0_211.0_-0.5_u_sci.fits,u,1.22557
KiDS_DR3.0_211.0_0.5_u_sci.fits,u,0.90986
KiDS_DR3.0_211.0_-1.5_g_sci.fits,g,0.75793
KiDS_DR3.0_211.0_1.5_g_sci.fits,g,0.79506
KiDS_DR3.0_211.0_-1.5_i_sci.fits,i,0.81422
KiDS_DR3.0_211.0_1.5_i_sci.fits,i,0.59232
KiDS_DR3.0_211.0_-1.5_r_sci.fits,r,0.61726
KiDS_DR3.0_211.0_1.5_r_sci.fits,r,0.78833
KiDS_DR3.0_211.0_-1.5_u_sci.fits,u,0.8571
KiDS_DR3.0_211.0_1.5_u_sci.fits,u,0.80439
KiDS_DR3.0_211.6_-2.5_g_sci.fits,g,0.87533
KiDS_DR3.0_211.6_2.5_g_sci.fits,g,0.90721
KiDS_DR3.0_211.6_-2.5_i_sci.fits,i,1.0883
KiDS_DR3.0_211.6_2.5_i_sci.fits,i,0.62593
KiDS_DR3.0_211.6_-2.5_r_sci.fits,r,0.78745
KiDS_DR3.0_211.6_2.5_r_sci.fits,r,0.60678
KiDS_DR3.0_211.6_-2.5_u_sci.fits,u,0.91641
KiDS_DR3.0_211.6_2.5_u_sci.fits,u,1.03479
KiDS_DR3.0_212.0_-0.5_g_sci.fits,g,0.76474
KiDS_DR3.0_212.0_-0.5_i_sci.fits,i,0.71206
KiDS_DR3.0_212.0_-0.5_r_sci.fits,r,0.73275
KiDS_DR3.0_212.0_-0.5_u_sci.fits,u,0.994
KiDS_DR3.0_212.6_-2.5_g_sci.fits,g,1.10712
KiDS_DR3.0_212.6_2.5_g_sci.fits,g,0.98086
KiDS_DR3.0_212.6_-2.5_i_sci.fits,i,0.64286
KiDS_DR3.0_212.6_2.5_i_sci.fits,i,0.72959
KiDS_DR3.0_212.6_-2.5_r_sci.fits,r,0.75135
KiDS_DR3.0_212.6_2.5_r_sci.fits,r,0.61398
KiDS_DR3.0_212.6_-2.5_u_sci.fits,u,0.83329
KiDS_DR3.0_212.6_2.5_u_sci.fits,u,0.85612
KiDS_DR3.0_213.0_-0.5_g_sci.fits,g,1.01714
KiDS_DR3.0_213.0_0.5_g_sci.fits,g,1.09909
KiDS_DR3.0_213.0_-0.5_i_sci.fits,i,0.64252
KiDS_DR3.0_213.0_0.5_i_sci.fits,i,1.11335
KiDS_DR3.0_213.0_-0.5_r_sci.fits,r,0.70483
KiDS_DR3.0_213.0_0.5_r_sci.fits,r,0.69135
KiDS_DR3.0_213.0_-0.5_u_sci.fits,u,0.75974
KiDS_DR3.0_213.0_0.5_u_sci.fits,u,1.05176
KiDS_DR3.0_213.0_-1.5_g_sci.fits,g,0.94096
KiDS_DR3.0_213.0_-1.5_i_sci.fits,i,0.69894
KiDS_DR3.0_213.0_-1.5_r_sci.fits,r,0.57823
KiDS_DR3.0_213.0_-1.5_u_sci.fits,u,1.0666
KiDS_DR3.0_213.6_-2.5_g_sci.fits,g,1.06727
KiDS_DR3.0_213.6_2.5_g_sci.fits,g,1.2892
KiDS_DR3.0_213.6_-2.5_i_sci.fits,i,0.52191
KiDS_DR3.0_213.6_2.5_i_sci.fits,i,0.92906
KiDS_DR3.0_213.6_-2.5_r_sci.fits,r,0.78207
KiDS_DR3.0_213.6_2.5_r_sci.fits,r,0.73351
KiDS_DR3.0_213.6_-2.5_u_sci.fits,u,1.27826
KiDS_DR3.0_213.6_2.5_u_sci.fits,u,1.05711
KiDS_DR3.0_214.0_-0.5_g_sci.fits,g,0.84167
KiDS_DR3.0_214.0_0.5_g_sci.fits,g,0.73404
KiDS_DR3.0_214.0_-0.5_i_sci.fits,i,1.2861
KiDS_DR3.0_214.0_0.5_i_sci.fits,i,0.74911
KiDS_DR3.0_214.0_-0.5_r_sci.fits,r,0.62579
KiDS_DR3.0_214.0_0.5_r_sci.fits,r,0.55542
KiDS_DR3.0_214.0_-0.5_u_sci.fits,u,1.20751
KiDS_DR3.0_214.0_0.5_u_sci.fits,u,1.06705
KiDS_DR3.0_214.0_-1.5_g_sci.fits,g,0.67711
KiDS_DR3.0_214.0_1.5_g_sci.fits,g,0.95499
KiDS_DR3.0_214.0_-1.5_i_sci.fits,i,0.6713
KiDS_DR3.0_214.0_1.5_i_sci.fits,i,0.66395
KiDS_DR3.0_214.0_-1.5_r_sci.fits,r,0.60947
KiDS_DR3.0_214.0_1.5_r_sci.fits,r,0.54798
KiDS_DR3.0_214.0_-1.5_u_sci.fits,u,1.1598
KiDS_DR3.0_214.0_1.5_u_sci.fits,u,1.26069
KiDS_DR3.0_214.6_-2.5_g_sci.fits,g,1.05474
KiDS_DR3.0_214.6_2.5_g_sci.fits,g,0.77864
KiDS_DR3.0_214.6_-2.5_i_sci.fits,i,0.68584
KiDS_DR3.0_214.6_2.5_i_sci.fits,i,0.79661
KiDS_DR3.0_214.6_-2.5_r_sci.fits,r,0.5487
KiDS_DR3.0_214.6_2.5_r_sci.fits,r,0.62679
KiDS_DR3.0_214.6_-2.5_u_sci.fits,u,1.15172
KiDS_DR3.0_214.6_2.5_u_sci.fits,u,0.64934
KiDS_DR3.0_215.0_-0.5_g_sci.fits,g,0.85535
KiDS_DR3.0_215.0_-0.5_i_sci.fits,i,0.61199
KiDS_DR3.0_215.0_-0.5_r_sci.fits,r,0.7549
KiDS_DR3.0_215.0_-0.5_u_sci.fits,u,0.58449
KiDS_DR3.0_215.0_-1.5_g_sci.fits,g,1.14625
KiDS_DR3.0_215.0_-1.5_i_sci.fits,i,0.7762
KiDS_DR3.0_215.0_-1.5_r_sci.fits,r,0.71767
KiDS_DR3.0_215.0_-1.5_u_sci.fits,u,1.12903
KiDS_DR3.0_216.0_0.5_g_sci.fits,g,0.67307
KiDS_DR3.0_216.0_0.5_i_sci.fits,i,0.98143
KiDS_DR3.0_216.0_0.5_r_sci.fits,r,0.71551
KiDS_DR3.0_216.0_0.5_u_sci.fits,u,0.76705
KiDS_DR3.0_216.0_-1.5_g_sci.fits,g,0.95427
KiDS_DR3.0_216.0_1.5_g_sci.fits,g,0.99679
KiDS_DR3.0_216.0_-1.5_i_sci.fits,i,1.15649
KiDS_DR3.0_216.0_1.5_i_sci.fits,i,0.8784
KiDS_DR3.0_216.0_-1.5_r_sci.fits,r,0.81095
KiDS_DR3.0_216.0_1.5_r_sci.fits,r,0.57386
KiDS_DR3.0_216.0_-1.5_u_sci.fits,u,0.87357
KiDS_DR3.0_216.0_1.5_u_sci.fits,u,0.98465
KiDS_DR3.0_216.6_-2.5_g_sci.fits,g,0.78266
KiDS_DR3.0_216.6_2.5_g_sci.fits,g,1.12949
KiDS_DR3.0_216.6_-2.5_i_sci.fits,i,0.75454
KiDS_DR3.0_216.6_2.5_i_sci.fits,i,0.91562
KiDS_DR3.0_216.6_-2.5_r_sci.fits,r,0.55967
KiDS_DR3.0_216.6_2.5_r_sci.fits,r,0.73059
KiDS_DR3.0_216.6_-2.5_u_sci.fits,u,0.73442
KiDS_DR3.0_216.6_2.5_u_sci.fits,u,1.00612
KiDS_DR3.0_217.0_-0.5_g_sci.fits,g,0.75938
KiDS_DR3.0_217.0_0.5_g_sci.fits,g,0.85457
KiDS_DR3.0_217.0_-0.5_i_sci.fits,i,0.76148
KiDS_DR3.0_217.0_0.5_i_sci.fits,i,1.0577
KiDS_DR3.0_217.0_-0.5_r_sci.fits,r,0.61066
KiDS_DR3.0_217.0_0.5_r_sci.fits,r,0.58905
KiDS_DR3.0_217.0_-0.5_u_sci.fits,u,0.84119
KiDS_DR3.0_217.0_0.5_u_sci.fits,u,0.94178
KiDS_DR3.0_217.0_-1.5_g_sci.fits,g,0.93577
KiDS_DR3.0_217.0_1.5_g_sci.fits,g,0.68933
KiDS_DR3.0_217.0_-1.5_i_sci.fits,i,1.09888
KiDS_DR3.0_217.0_1.5_i_sci.fits,i,0.61795
KiDS_DR3.0_217.0_-1.5_r_sci.fits,r,0.59679
KiDS_DR3.0_217.0_1.5_r_sci.fits,r,0.5271
KiDS_DR3.0_217.0_-1.5_u_sci.fits,u,1.04325
KiDS_DR3.0_217.0_1.5_u_sci.fits,u,0.87999
KiDS_DR3.0_217.6_-2.5_g_sci.fits,g,1.04667
KiDS_DR3.0_217.6_2.5_g_sci.fits,g,0.67882
KiDS_DR3.0_217.6_-2.5_i_sci.fits,i,1.26768
KiDS_DR3.0_217.6_2.5_i_sci.fits,i,0.73981
KiDS_DR3.0_217.6_-2.5_r_sci.fits,r,0.77609
KiDS_DR3.0_217.6_2.5_r_sci.fits,r,0.54371
KiDS_DR3.0_217.6_-2.5_u_sci.fits,u,0.90368
KiDS_DR3.0_217.6_2.5_u_sci.fits,u,0.84329
KiDS_DR3.0_218.0_-0.5_g_sci.fits,g,1.01402
KiDS_DR3.0_218.0_0.5_g_sci.fits,g,0.89298
KiDS_DR3.0_218.0_-0.5_i_sci.fits,i,0.61582
KiDS_DR3.0_218.0_0.5_i_sci.fits,i,0.57921
KiDS_DR3.0_218.0_-0.5_r_sci.fits,r,0.57998
KiDS_DR3.0_218.0_0.5_r_sci.fits,r,0.61775
KiDS_DR3.0_218.0_-0.5_u_sci.fits,u,1.21363
KiDS_DR3.0_218.0_0.5_u_sci.fits,u,0.67064
KiDS_DR3.0_218.0_-1.5_g_sci.fits,g,0.94813
KiDS_DR3.0_218.0_-1.5_i_sci.fits,i,1.18311
KiDS_DR3.0_218.0_-1.5_r_sci.fits,r,0.71009
KiDS_DR3.0_218.0_-1.5_u_sci.fits,u,0.65084
KiDS_DR3.0_218.6_2.5_g_sci.fits,g,0.84192
KiDS_DR3.0_218.6_2.5_i_sci.fits,i,0.9942
KiDS_DR3.0_218.6_2.5_r_sci.fits,r,0.641
KiDS_DR3.0_218.6_2.5_u_sci.fits,u,0.93289
KiDS_DR3.0_219.0_0.5_g_sci.fits,g,0.77569
KiDS_DR3.0_219.0_0.5_i_sci.fits,i,0.89992
KiDS_DR3.0_219.0_0.5_r_sci.fits,r,0.53898
KiDS_DR3.0_219.0_0.5_u_sci.fits,u,1.07899
KiDS_DR3.0_219.0_1.5_g_sci.fits,g,1.06493
KiDS_DR3.0_219.0_1.5_i_sci.fits,i,0.59448
KiDS_DR3.0_219.0_1.5_r_sci.fits,r,0.80766
KiDS_DR3.0_219.0_1.5_u_sci.fits,u,1.08999
KiDS_DR3.0_219.6_2.5_g_sci.fits,g,0.79941
KiDS_DR3.0_219.6_2.5_i_sci.fits,i,0.75099
KiDS_DR3.0_219.6_2.5_r_sci.fits,r,0.74981
KiDS_DR3.0_219.6_2.5_u_sci.fits,u,1.23046
KiDS_DR3.0_220.0_0.5_g_sci.fits,g,0.96706
KiDS_DR3.0_220.0_0.5_i_sci.fits,i,0.73659
KiDS_DR3.0_220.0_0.5_r_sci.fits,r,0.7359
KiDS_DR3.0_220.0_0.5_u_sci.fits,u,1.17567
KiDS_DR3.0_220.0_-1.5_g_sci.fits,g,0.9062
KiDS_DR3.0_220.0_1.5_g_sci.fits,g,0.75239
KiDS_DR3.0_220.0_-1.5_i_sci.fits,i,0.95328
KiDS_DR3.0_220.0_1.5_i_sci.fits,i,0.83497
KiDS_DR3.0_220.0_-1.5_r_sci.fits,r,0.67098
KiDS_DR3.0_220.0_1.5_r_sci.fits,r,0.83598
KiDS_DR3.0_220.0_-1.5_u_sci.fits,u,1.0743
KiDS_DR3.0_220.0_1.5_u_sci.fits,u,1.05542
KiDS_DR3.0_220.6_-2.5_g_sci.fits,g,1.0429
KiDS_DR3.0_220.6_2.5_g_sci.fits,g,0.9732
KiDS_DR3.0_220.6_-2.5_i_sci.fits,i,0.69227
KiDS_DR3.0_220.6_2.5_i_sci.fits,i,0.66255
KiDS_DR3.0_220.6_-2.5_r_sci.fits,r,0.74334
KiDS_DR3.0_220.6_2.5_r_sci.fits,r,0.59826
KiDS_DR3.0_220.6_-2.5_u_sci.fits,u,0.83795
KiDS_DR3.0_220.6_2.5_u_sci.fits,u,0.9562
KiDS_DR3.0_221.0_-0.5_g_sci.fits,g,0.69904
KiDS_DR3.0_221.0_0.5_g_sci.fits,g,1.13517
KiDS_DR3.0_221.0_-0.5_i_sci.fits,i,0.80288
KiDS_DR3.0_221.0_0.5_i_sci.fits,i,0.53734
KiDS_DR3.0_221.0_-0.5_r_sci.fits,r,0.72109
KiDS_DR3.0_221.0_0.5_r_sci.fits,r,0.52035
KiDS_DR3.0_221.0_-0.5_u_sci.fits,u,1.1124
KiDS_DR3.0_221.0_0.5_u_sci.fits,u,0.78272
KiDS_DR3.0_221.0_-1.5_g_sci.fits,g,0.72096
KiDS_DR3.0_221.0_1.5_g_sci.fits,g,0.79697
KiDS_DR3.0_221.0_-1.5_i_sci.fits,i,1.18413
KiDS_DR3.0_221.0_1.5_i_sci.fits,i,0.59184
KiDS_DR3.0_221.0_-1.5_r_sci.fits,r,0.65876
KiDS_DR3.0_221.0_1.5_r_sci.fits,r,0.60318
KiDS_DR3.0_221.0_-1.5_u_sci.fits,u,0.99372
KiDS_DR3.0_221.0_1.5_u_sci.fits,u,1.31851
KiDS_DR3.0_221.6_-2.5_g_sci.fits,g,1.11672
KiDS_DR3.0_221.6_-2.5_i_sci.fits,i,0.62623
KiDS_DR3.0_221.6_-2.5_r_sci.fits,r,0.67576
KiDS_DR3.0_221.6_-2.5_u_sci.fits,u,1.30964
KiDS_DR3.0_223.0_0.5_g_sci.fits,g,1.15656
KiDS_DR3.0_223.0_0.5_i_sci.fits,i,1.01126
KiDS_DR3.0_223.0_0.5_r_sci.fits,r,0.55254
KiDS_DR3.0_223.0_0.5_u_sci.fits,u,0.83988
KiDS_DR3.0_223.0_-1.5_g_sci.fits,g,0.78748
KiDS_DR3.0_223.0_1.5_g_sci.fits,g,0.92817
KiDS_DR3.0_223.0_-1.5_i_sci.fits,i,0.95837
KiDS_DR3.0_223.0_1.5_i_sci.fits,i,0.73273
KiDS_DR3.0_223.0_-1.5_r_sci.fits,r,0.69432
KiDS_DR3.0_223.0_1.5_r_sci.fits,r,0.89603
KiDS_DR3.0_223.0_-1.5_u_sci.fits,u,0.96911
KiDS_DR3.0_223.0_1.5_u_sci.fits,u,0.88612
KiDS_DR3.0_223.6_-2.5_g_sci.fits,g,0.81217
KiDS_DR3.0_223.6_2.5_g_sci.fits,g,0.75526
KiDS_DR3.0_223.6_-2.5_i_sci.fits,i,0.71879
KiDS_DR3.0_223.6_2.5_i_sci.fits,i,0.9124
KiDS_DR3.0_223.6_-2.5_r_sci.fits,r,0.60814
KiDS_DR3.0_223.6_2.5_r_sci.fits,r,0.60452
KiDS_DR3.0_223.6_-2.5_u_sci.fits,u,1.16611
KiDS_DR3.0_223.6_2.5_u_sci.fits,u,1.2644
KiDS_DR3.0_224.0_-0.5_g_sci.fits,g,0.92208
KiDS_DR3.0_224.0_0.5_g_sci.fits,g,1.07023
KiDS_DR3.0_224.0_-0.5_i_sci.fits,i,0.86459
KiDS_DR3.0_224.0_0.5_i_sci.fits,i,0.60467
KiDS_DR3.0_224.0_-0.5_r_sci.fits,r,0.91583
KiDS_DR3.0_224.0_0.5_r_sci.fits,r,0.66389
KiDS_DR3.0_224.0_-0.5_u_sci.fits,u,0.93824
KiDS_DR3.0_224.0_0.5_u_sci.fits,u,0.88326
KiDS_DR3.0_224.0_-1.5_g_sci.fits,g,0.88955
KiDS_DR3.0_224.0_1.5_g_sci.fits,g,1.01913
KiDS_DR3.0_224.0_-1.5_i_sci.fits,i,0.76253
KiDS_DR3.0_224.0_1.5_i_sci.fits,i,0.64101
KiDS_DR3.0_224.0_-1.5_r_sci.fits,r,0.73524
KiDS_DR3.0_224.0_1.5_r_sci.fits,r,0.50222
KiDS_DR3.0_224.0_-1.5_u_sci.fits,u,1.11212
KiDS_DR3.0_224.0_1.5_u_sci.fits,u,1.236
KiDS_DR3.0_224.6_2.5_g_sci.fits,g,1.04295
KiDS_DR3.0_224.6_2.5_i_sci.fits,i,0.88913
KiDS_DR3.0_224.6_2.5_r_sci.fits,r,0.69679
KiDS_DR3.0_224.6_2.5_u_sci.fits,u,1.19669
KiDS_DR3.0_225.0_-0.5_g_sci.fits,g,0.87049
KiDS_DR3.0_225.0_0.5_g_sci.fits,g,0.72449
KiDS_DR3.0_225.0_-0.5_i_sci.fits,i,0.63305
KiDS_DR3.0_225.0_0.5_i_sci.fits,i,0.75281
KiDS_DR3.0_225.0_-0.5_r_sci.fits,r,0.68749
KiDS_DR3.0_225.0_0.5_r_sci.fits,r,0.59666
KiDS_DR3.0_225.0_-0.5_u_sci.fits,u,1.03205
KiDS_DR3.0_225.0_0.5_u_sci.fits,u,1.10819
KiDS_DR3.0_226.0_0.5_g_sci.fits,g,0.83611
KiDS_DR3.0_226.0_0.5_i_sci.fits,i,0.68862
KiDS_DR3.0_226.0_0.5_r_sci.fits,r,0.69054
KiDS_DR3.0_226.0_0.5_u_sci.fits,u,1.1451
KiDS_DR3.0_228.0_-0.5_g_sci.fits,g,0.91123
KiDS_DR3.0_228.0_-0.5_i_sci.fits,i,0.92006
KiDS_DR3.0_228.0_-0.5_r_sci.fits,r,0.57169
KiDS_DR3.0_228.0_-0.5_u_sci.fits,u,0.94945
KiDS_DR3.0_232.0_-0.5_g_sci.fits,g,0.99404
KiDS_DR3.0_232.0_0.5_g_sci.fits,g,0.9897
KiDS_DR3.0_232.0_-0.5_i_sci.fits,i,0.92685
KiDS_DR3.0_232.0_0.5_i_sci.fits,i,0.84247
KiDS_DR3.0_232.0_-0.5_r_sci.fits,r,0.7431
KiDS_DR3.0_232.0_0.5_r_sci.fits,r,0.66927
KiDS_DR3.0_232.0_-0.5_u_sci.fits,u,0.97179
KiDS_DR3.0_232.0_0.5_u_sci.fits,u,0.95777
KiDS_DR3.0_233.0_-0.5_g_sci.fits,g,0.75635
KiDS_DR3.0_233.0_0.5_g_sci.fits,g,0.88883
KiDS_DR3.0_233.0_-0.5_i_sci.fits,i,0.87076
KiDS_DR3.0_233.0_0.5_i_sci.fits,i,1.10869
KiDS_DR3.0_233.0_-0.5_r_sci.fits,r,0.69588
KiDS_DR3.0_233.0_0.5_r_sci.fits,r,0.73781
KiDS_DR3.0_233.0_-0.5_u_sci.fits,u,1.36183
KiDS_DR3.0_233.0_0.5_u_sci.fits,u,1.31243
KiDS_DR3.0_234.0_-0.5_g_sci.fits,g,0.94099
KiDS_DR3.0_234.0_0.5_g_sci.fits,g,0.76368
KiDS_DR3.0_234.0_-0.5_i_sci.fits,i,0.69514
KiDS_DR3.0_234.0_0.5_i_sci.fits,i,1.28737
KiDS_DR3.0_234.0_-0.5_r_sci.fits,r,0.62407
KiDS_DR3.0_234.0_0.5_r_sci.fits,r,0.55735
KiDS_DR3.0_234.0_-0.5_u_sci.fits,u,1.0015
KiDS_DR3.0_234.0_0.5_u_sci.fits,u,1.21026
KiDS_DR3.0_235.0_-0.5_g_sci.fits,g,1.0944
KiDS_DR3.0_235.0_0.5_g_sci.fits,g,0.8692
KiDS_DR3.0_235.0_-0.5_i_sci.fits,i,0.5868
KiDS_DR3.0_235.0_0.5_i_sci.fits,i,0.59934
KiDS_DR3.0_235.0_-0.5_r_sci.fits,r,0.65091
KiDS_DR3.0_235.0_0.5_r_sci.fits,r,0.63379
KiDS_DR3.0_235.0_-0.5_u_sci.fits,u,1.10733
KiDS_DR3.0_235.0_0.5_u_sci.fits,u,0.93523
KiDS_DR3.0_236.0_-0.5_g_sci.fits,g,0.81826
KiDS_DR3.0_236.0_0.5_g_sci.fits,g,0.8004
KiDS_DR3.0_236.0_-0.5_i_sci.fits,i,0.69228
KiDS_DR3.0_236.0_0.5_i_sci.fits,i,0.73663
KiDS_DR3.0_236.0_-0.5_r_sci.fits,r,0.79292
KiDS_DR3.0_236.0_0.5_r_sci.fits,r,0.66123
KiDS_DR3.0_236.0_-0.5_u_sci.fits,u,0.82973
KiDS_DR3.0_236.0_0.5_u_sci.fits,u,1.18652
KiDS_DR3.0_236.7_2.5_g_sci.fits,g,0.84241
KiDS_DR3.0_236.7_2.5_i_sci.fits,i,0.62841
KiDS_DR3.0_236.7_2.5_r_sci.fits,r,0.55941
KiDS_DR3.0_236.7_2.5_u_sci.fits,u,1.39867
KiDS_DR3.0_237.0_-0.5_g_sci.fits,g,0.77335
KiDS_DR3.0_237.0_0.5_g_sci.fits,g,0.94577
KiDS_DR3.0_237.0_-0.5_i_sci.fits,i,0.61781
KiDS_DR3.0_237.0_0.5_i_sci.fits,i,0.89546
KiDS_DR3.0_237.0_-0.5_r_sci.fits,r,0.82137
KiDS_DR3.0_237.0_0.5_r_sci.fits,r,0.56313
KiDS_DR3.0_237.0_-0.5_u_sci.fits,u,0.97299
KiDS_DR3.0_237.0_0.5_u_sci.fits,u,0.94241
KiDS_DR3.0_237.7_2.5_g_sci.fits,g,0.93586
KiDS_DR3.0_237.7_2.5_i_sci.fits,i,0.65625
KiDS_DR3.0_237.7_2.5_r_sci.fits,r,0.82681
KiDS_DR3.0_237.7_2.5_u_sci.fits,u,1.11241
KiDS_DR3.0_238.0_1.5_g_sci.fits,g,1.05606
KiDS_DR3.0_238.0_1.5_i_sci.fits,i,0.90202
KiDS_DR3.0_238.0_1.5_r_sci.fits,r,0.51378
KiDS_DR3.0_238.0_1.5_u_sci.fits,u,1.00163
KiDS_DR3.0_32.9_-32.1_g_sci.fits,g,0.89583
KiDS_DR3.0_32.9_-32.1_i_sci.fits,i,0.64939
KiDS_DR3.0_32.9_-32.1_r_sci.fits,r,0.66352
KiDS_DR3.0_32.9_-32.1_u_sci.fits,u,1.17041
KiDS_DR3.0_329.4_-32.1_g_sci.fits,g,0.84599
KiDS_DR3.0_329.4_-32.1_i_sci.fits,i,0.76962
KiDS_DR3.0_329.4_-32.1_r_sci.fits,r,0.55288
KiDS_DR3.0_329.4_-32.1_u_sci.fits,u,1.02824
KiDS_DR3.0_329.7_-31.2_g_sci.fits,g,0.79542
KiDS_DR3.0_329.7_-31.2_i_sci.fits,i,0.60659
KiDS_DR3.0_329.7_-31.2_r_sci.fits,r,0.55004
KiDS_DR3.0_329.7_-31.2_u_sci.fits,u,1.19453
KiDS_DR3.0_330.3_-33.1_g_sci.fits,g,0.7226
KiDS_DR3.0_330.3_-33.1_i_sci.fits,i,0.85855
KiDS_DR3.0_330.3_-33.1_r_sci.fits,r,0.79531
KiDS_DR3.0_330.3_-33.1_u_sci.fits,u,0.91568
KiDS_DR3.0_330.6_-32.1_g_sci.fits,g,0.75462
KiDS_DR3.0_330.6_-32.1_i_sci.fits,i,0.94979
KiDS_DR3.0_330.6_-32.1_r_sci.fits,r,0.66544
KiDS_DR3.0_330.6_-32.1_u_sci.fits,u,1.14583
KiDS_DR3.0_330.9_-31.2_g_sci.fits,g,0.98524
KiDS_DR3.0_330.9_-31.2_i_sci.fits,i,0.83742
KiDS_DR3.0_330.9_-31.2_r_sci.fits,r,0.66149
KiDS_DR3.0_330.9_-31.2_u_sci.fits,u,1.23478
KiDS_DR3.0_331.5_-33.1_g_sci.fits,g,0.95666
KiDS_DR3.0_331.5_-33.1_i_sci.fits,i,0.87921
KiDS_DR3.0_331.5_-33.1_r_sci.fits,r,0.60802
KiDS_DR3.0_331.5_-33.1_u_sci.fits,u,1.01047
KiDS_DR3.0_331.8_-32.1_g_sci.fits,g,1.13353
KiDS_DR3.0_331.8_-32.1_i_sci.fits,i,0.65036
KiDS_DR3.0_331.8_-32.1_r_sci.fits,r,0.71554
KiDS_DR3.0_331.8_-32.1_u_sci.fits,u,1.05566
KiDS_DR3.0_332.0_-31.2_g_sci.fits,g,0.96348
KiDS_DR3.0_332.0_-31.2_i_sci.fits,i,0.94292
KiDS_DR3.0_332.0_-31.2_r_sci.fits,r,0.98012
KiDS_DR3.0_332.0_-31.2_u_sci.fits,u,1.05053
KiDS_DR3.0_332.7_-33.1_g_sci.fits,g,0.80271
KiDS_DR3.0_332.7_-33.1_i_sci.fits,i,1.00115
KiDS_DR3.0_332.7_-33.1_r_sci.fits,r,0.88731
KiDS_DR3.0_332.7_-33.1_u_sci.fits,u,1.01732
KiDS_DR3.0_33.3_-33.1_g_sci.fits,g,0.70813
KiDS_DR3.0_33.3_-33.1_i_sci.fits,i,0.62547
KiDS_DR3.0_33.3_-33.1_r_sci.fits,r,0.69312
KiDS_DR3.0_33.3_-33.1_u_sci.fits,u,0.89866
KiDS_DR3.0_333.9_-33.1_g_sci.fits,g,0.69163
KiDS_DR3.0_333.9_-33.1_i_sci.fits,i,1.00288
KiDS_DR3.0_333.9_-33.1_r_sci.fits,r,0.68288
KiDS_DR3.0_333.9_-33.1_u_sci.fits,u,0.99421
KiDS_DR3.0_335.0_-33.1_g_sci.fits,g,0.76273
KiDS_DR3.0_335.0_-33.1_i_sci.fits,i,0.81142
KiDS_DR3.0_335.0_-33.1_r_sci.fits,r,0.72283
KiDS_DR3.0_335.0_-33.1_u_sci.fits,u,1.19392
KiDS_DR3.0_335.3_-32.1_g_sci.fits,g,1.23121
KiDS_DR3.0_335.3_-32.1_i_sci.fits,i,0.74636
KiDS_DR3.0_335.3_-32.1_r_sci.fits,r,0.88987
KiDS_DR3.0_335.3_-32.1_u_sci.fits,u,0.94464
KiDS_DR3.0_335.5_-31.2_g_sci.fits,g,1.00875
KiDS_DR3.0_335.5_-31.2_i_sci.fits,i,0.82361
KiDS_DR3.0_335.5_-31.2_r_sci.fits,r,0.65057
KiDS_DR3.0_335.5_-31.2_u_sci.fits,u,0.94598
KiDS_DR3.0_336.2_-33.1_g_sci.fits,g,1.10068
KiDS_DR3.0_336.2_-33.1_i_sci.fits,i,0.89071
KiDS_DR3.0_336.2_-33.1_r_sci.fits,r,0.7513
KiDS_DR3.0_336.2_-33.1_u_sci.fits,u,1.15994
KiDS_DR3.0_336.5_-32.1_g_sci.fits,g,0.99297
KiDS_DR3.0_336.5_-32.1_i_sci.fits,i,1.1513
KiDS_DR3.0_336.5_-32.1_r_sci.fits,r,0.71101
KiDS_DR3.0_336.5_-32.1_u_sci.fits,u,1.06331
KiDS_DR3.0_336.7_-31.2_g_sci.fits,g,0.88103
KiDS_DR3.0_336.7_-31.2_i_sci.fits,i,0.69216
KiDS_DR3.0_336.7_-31.2_r_sci.fits,r,0.63358
KiDS_DR3.0_336.7_-31.2_u_sci.fits,u,1.20597
KiDS_DR3.0_337.2_-29.2_g_sci.fits,g,0.91005
KiDS_DR3.0_337.2_-29.2_i_sci.fits,i,1.10804
KiDS_DR3.0_337.2_-29.2_r_sci.fits,r,0.69573
KiDS_DR3.0_337.2_-29.2_u_sci.fits,u,1.09897
KiDS_DR3.0_337.4_-33.1_g_sci.fits,g,0.67545
KiDS_DR3.0_337.4_-33.1_i_sci.fits,i,0.88595
KiDS_DR3.0_337.4_-33.1_r_sci.fits,r,0.75071
KiDS_DR3.0_337.4_-33.1_u_sci.fits,u,0.97528
KiDS_DR3.0_337.6_-32.1_g_sci.fits,g,0.87528
KiDS_DR3.0_337.6_-32.1_i_sci.fits,i,0.70321
KiDS_DR3.0_337.6_-32.1_r_sci.fits,r,0.7512
KiDS_DR3.0_337.6_-32.1_u_sci.fits,u,1.25536
KiDS_DR3.0_338.1_-30.2_g_sci.fits,g,0.92305
KiDS_DR3.0_338.1_-30.2_i_sci.fits,i,0.66693
KiDS_DR3.0_338.1_-30.2_r_sci.fits,r,0.76439
KiDS_DR3.0_338.1_-30.2_u_sci.fits,u,0.90001
KiDS_DR3.0_338.4_-34.1_g_sci.fits,g,1.06044
KiDS_DR3.0_338.4_-34.1_i_sci.fits,i,0.58736
KiDS_DR3.0_338.4_-34.1_r_sci.fits,r,0.6171
KiDS_DR3.0_338.4_-34.1_u_sci.fits,u,1.15818
KiDS_DR3.0_338.8_-32.1_g_sci.fits,g,0.85204
KiDS_DR3.0_338.8_-32.1_i_sci.fits,i,0.53656
KiDS_DR3.0_338.8_-32.1_r_sci.fits,r,0.94026
KiDS_DR3.0_338.8_-32.1_u_sci.fits,u,0.92767
KiDS_DR3.0_339.3_-30.2_g_sci.fits,g,0.85335
KiDS_DR3.0_339.3_-30.2_i_sci.fits,i,0.77701
KiDS_DR3.0_339.3_-30.2_r_sci.fits,r,0.71436
KiDS_DR3.0_339.3_-30.2_u_sci.fits,u,1.01345
KiDS_DR3.0_339.6_-34.1_g_sci.fits,g,0.86024
KiDS_DR3.0_339.6_-34.1_i_sci.fits,i,0.98249
KiDS_DR3.0_339.6_-34.1_r_sci.fits,r,0.79961
KiDS_DR3.0_339.6_-34.1_u_sci.fits,u,0.93652
KiDS_DR3.0_339.8_-33.1_g_sci.fits,g,0.99367
KiDS_DR3.0_339.8_-33.1_i_sci.fits,i,0.76741
KiDS_DR3.0_339.8_-33.1_r_sci.fits,r,0.76047
KiDS_DR3.0_339.8_-33.1_u_sci.fits,u,0.89168
KiDS_DR3.0_340.0_-32.1_g_sci.fits,g,0.80013
KiDS_DR3.0_340.0_-32.1_i_sci.fits,i,1.22567
KiDS_DR3.0_340.0_-32.1_r_sci.fits,r,0.58597
KiDS_DR3.0_340.0_-32.1_u_sci.fits,u,0.99173
KiDS_DR3.0_340.4_-30.2_g_sci.fits,g,0.89067
KiDS_DR3.0_340.4_-30.2_i_sci.fits,i,0.73805
KiDS_DR3.0_340.4_-30.2_r_sci.fits,r,0.60077
KiDS_DR3.0_340.4_-30.2_u_sci.fits,u,1.09122
KiDS_DR3.0_340.8_-34.1_g_sci.fits,g,0.65033
KiDS_DR3.0_340.8_-34.1_i_sci.fits,i,0.8786
KiDS_DR3.0_340.8_-34.1_r_sci.fits,r,0.91813
KiDS_DR3.0_340.8_-34.1_u_sci.fits,u,0.90328
KiDS_DR3.0_341.6_-30.2_g_sci.fits,g,0.9203
KiDS_DR3.0_341.6_-30.2_i_sci.fits,i,0.71466
KiDS_DR3.0_341.6_-30.2_r_sci.fits,r,0.83818
KiDS_DR3.0_341.6_-30.2_u_sci.fits,u,1.07706
KiDS_DR3.0_341.8_-29.2_g_sci.fits,g,0.99142
KiDS_DR3.0_341.8_-29.2_i_sci.fits,i,1.16047
KiDS_DR3.0_341.8_-29.2_r_sci.fits,r,0.72348
KiDS_DR3.0_341.8_-29.2_u_sci.fits,u,1.18478
KiDS_DR3.0_342.0_-34.1_g_sci.fits,g,0.99558
KiDS_DR3.0_342.0_-34.1_i_sci.fits,i,0.70255
KiDS_DR3.0_342.0_-34.1_r_sci.fits,r,0.63821
KiDS_DR3.0_342.0_-34.1_u_sci.fits,u,1.14943
KiDS_DR3.0_342.4_-32.1_g_sci.fits,g,1.16862
KiDS_DR3.0_342.4_-32.1_i_sci.fits,i,0.68853
KiDS_DR3.0_342.4_-32.1_r_sci.fits,r,0.71489
KiDS_DR3.0_342.4_-32.1_u_sci.fits,u,0.90325
KiDS_DR3.0_343.2_-34.1_g_sci.fits,g,0.9641
KiDS_DR3.0_343.2_-34.1_i_sci.fits,i,0.62558
KiDS_DR3.0_343.2_-34.1_r_sci.fits,r,0.85789
KiDS_DR3.0_343.2_-34.1_u_sci.fits,u,0.98598
KiDS_DR3.0_343.9_-30.2_g_sci.fits,g,0.80862
KiDS_DR3.0_343.9_-30.2_i_sci.fits,i,0.699
KiDS_DR3.0_343.9_-30.2_r_sci.fits,r,0.81071
KiDS_DR3.0_343.9_-30.2_u_sci.fits,u,0.99259
KiDS_DR3.0_344.4_-34.1_g_sci.fits,g,0.88644
KiDS_DR3.0_344.4_-34.1_i_sci.fits,i,1.11637
KiDS_DR3.0_344.4_-34.1_r_sci.fits,r,0.8069
KiDS_DR3.0_344.4_-34.1_u_sci.fits,u,0.77249
KiDS_DR3.0_344.6_-33.1_g_sci.fits,g,0.98829
KiDS_DR3.0_344.6_-33.1_i_sci.fits,i,0.71098
KiDS_DR3.0_344.6_-33.1_r_sci.fits,r,0.65915
KiDS_DR3.0_344.6_-33.1_u_sci.fits,u,1.08539
KiDS_DR3.0_344.9_-31.2_g_sci.fits,g,0.85023
KiDS_DR3.0_344.9_-31.2_i_sci.fits,i,1.04685
KiDS_DR3.0_344.9_-31.2_r_sci.fits,r,0.51377
KiDS_DR3.0_344.9_-31.2_u_sci.fits,u,0.99663
KiDS_DR3.0_345.0_-30.2_g_sci.fits,g,1.10665
KiDS_DR3.0_345.0_-30.2_i_sci.fits,i,0.89366
KiDS_DR3.0_345.0_-30.2_r_sci.fits,r,0.81533
KiDS_DR3.0_345.0_-30.2_u_sci.fits,u,1.14501
KiDS_DR3.0_345.6_-34.1_g_sci.fits,g,1.10909
KiDS_DR3.0_345.6_-34.1_i_sci.fits,i,0.67798
KiDS_DR3.0_345.6_-34.1_r_sci.fits,r,0.87791
KiDS_DR3.0_345.6_-34.1_u_sci.fits,u,0.80851
KiDS_DR3.0_346.0_-31.2_g_sci.fits,g,0.81988
KiDS_DR3.0_346.0_-31.2_i_sci.fits,i,0.57549
KiDS_DR3.0_346.0_-31.2_r_sci.fits,r,0.73178
KiDS_DR3.0_346.0_-31.2_u_sci.fits,u,0.94426
KiDS_DR3.0_346.2_-30.2_g_sci.fits,g,0.7868
KiDS_DR3.0_346.2_-30.2_i_sci.fits,i,0.73742
KiDS_DR3.0_346.2_-30.2_r_sci.fits,r,0.51496
KiDS_DR3.0_346.2_-30.2_u_sci.fits,u,0.9851
KiDS_DR3.0_346.8_-34.1_g_sci.fits,g,0.85291
KiDS_DR3.0_346.8_-34.1_i_sci.fits,i,0.69988
KiDS_DR3.0_346.8_-34.1_r_sci.fits,r,0.5216
KiDS_DR3.0_346.8_-34.1_u_sci.fits,u,0.95205
KiDS_DR3.0_346.9_-33.1_g_sci.fits,g,1.07976
KiDS_DR3.0_346.9_-33.1_i_sci.fits,i,0.76685
KiDS_DR3.0_346.9_-33.1_r_sci.fits,r,0.68812
KiDS_DR3.0_346.9_-33.1_u_sci.fits,u,0.93579
KiDS_DR3.0_347.1_-32.1_g_sci.fits,g,1.17807
KiDS_DR3.0_347.1_-32.1_i_sci.fits,i,0.73734
KiDS_DR3.0_347.1_-32.1_r_sci.fits,r,0.59409
KiDS_DR3.0_347.1_-32.1_u_sci.fits,u,1.00577
KiDS_DR3.0_347.3_-30.2_g_sci.fits,g,0.83587
KiDS_DR3.0_347.3_-30.2_i_sci.fits,i,0.75573
KiDS_DR3.0_347.3_-30.2_r_sci.fits,r,0.59537
KiDS_DR3.0_347.3_-30.2_u_sci.fits,u,1.20217
KiDS_DR3.0_348.0_-34.1_g_sci.fits,g,0.86813
KiDS_DR3.0_348.0_-34.1_i_sci.fits,i,0.67237
KiDS_DR3.0_348.0_-34.1_r_sci.fits,r,0.57989
KiDS_DR3.0_348.0_-34.1_u_sci.fits,u,1.21194
KiDS_DR3.0_348.1_-33.1_g_sci.fits,g,0.8357
KiDS_DR3.0_348.1_-33.1_i_sci.fits,i,0.92051
KiDS_DR3.0_348.1_-33.1_r_sci.fits,r,0.65238
KiDS_DR3.0_348.1_-33.1_u_sci.fits,u,1.06012
KiDS_DR3.0_34.8_-34.1_g_sci.fits,g,0.54175
KiDS_DR3.0_34.8_-34.1_i_sci.fits,i,0.84456
KiDS_DR3.0_34.8_-34.1_r_sci.fits,r,0.77042
KiDS_DR3.0_34.8_-34.1_u_sci.fits,u,1.02039
KiDS_DR3.0_349.2_-34.1_g_sci.fits,g,0.87238
KiDS_DR3.0_349.2_-34.1_i_sci.fits,i,0.73994
KiDS_DR3.0_349.2_-34.1_r_sci.fits,r,0.51762
KiDS_DR3.0_349.2_-34.1_u_sci.fits,u,0.94463
KiDS_DR3.0_349.3_-33.1_g_sci.fits,g,0.81776
KiDS_DR3.0_349.3_-33.1_i_sci.fits,i,0.81003
KiDS_DR3.0_349.3_-33.1_r_sci.fits,r,0.85382
KiDS_DR3.0_349.3_-33.1_u_sci.fits,u,1.10725
KiDS_DR3.0_349.4_-32.1_g_sci.fits,g,1.09075
KiDS_DR3.0_349.4_-32.1_i_sci.fits,i,0.9098
KiDS_DR3.0_349.4_-32.1_r_sci.fits,r,0.58666
KiDS_DR3.0_349.4_-32.1_u_sci.fits,u,1.0271
KiDS_DR3.0_349.6_-30.2_g_sci.fits,g,1.08962
KiDS_DR3.0_349.6_-30.2_i_sci.fits,i,0.61386
KiDS_DR3.0_349.6_-30.2_r_sci.fits,r,0.72351
KiDS_DR3.0_349.6_-30.2_u_sci.fits,u,0.9049
KiDS_DR3.0_35.0_-31.2_g_sci.fits,g,0.67071
KiDS_DR3.0_35.0_-31.2_i_sci.fits,i,0.7787
KiDS_DR3.0_35.0_-31.2_r_sci.fits,r,0.62848
KiDS_DR3.0_35.0_-31.2_u_sci.fits,u,1.12832
KiDS_DR3.0_350.4_-34.1_g_sci.fits,g,1.18492
KiDS_DR3.0_350.4_-34.1_i_sci.fits,i,0.88086
KiDS_DR3.0_350.4_-34.1_r_sci.fits,r,0.67534
KiDS_DR3.0_350.4_-34.1_u_sci.fits,u,1.08382
KiDS_DR3.0_350.5_-33.1_g_sci.fits,g,0.81089
KiDS_DR3.0_350.5_-33.1_i_sci.fits,i,0.68012
KiDS_DR3.0_350.5_-33.1_r_sci.fits,r,0.79462
KiDS_DR3.0_350.5_-33.1_u_sci.fits,u,0.82933
KiDS_DR3.0_350.7_-31.2_g_sci.fits,g,0.72775
KiDS_DR3.0_350.7_-31.2_i_sci.fits,i,1.16218
KiDS_DR3.0_350.7_-31.2_r_sci.fits,r,0.69417
KiDS_DR3.0_350.7_-31.2_u_sci.fits,u,1.02299
KiDS_DR3.0_350.8_-30.2_g_sci.fits,g,1.06461
KiDS_DR3.0_350.8_-30.2_i_sci.fits,i,0.83383
KiDS_DR3.0_350.8_-30.2_r_sci.fits,r,0.75873
KiDS_DR3.0_350.8_-30.2_u_sci.fits,u,0.92916
KiDS_DR3.0_351.6_-34.1_g_sci.fits,g,0.78686
KiDS_DR3.0_351.6_-34.1_i_sci.fits,i,0.88674
KiDS_DR3.0_351.6_-34.1_r_sci.fits,r,0.58295
KiDS_DR3.0_351.6_-34.1_u_sci.fits,u,0.9146
KiDS_DR3.0_351.7_-33.1_g_sci.fits,g,0.63319
KiDS_DR3.0_351.7_-33.1_i_sci.fits,i,0.75393
KiDS_DR3.0_351.7_-33.1_r_sci.fits,r,0.75989
KiDS_DR3.0_351.7_-33.1_u_sci.fits,u,0.92433
KiDS_DR3.0_351.8_-32.1_g_sci.fits,g,0.92093
KiDS_DR3.0_351.8_-32.1_i_sci.fits,i,0.61645
KiDS_DR3.0_351.8_-32.1_r_sci.fits,r,0.78418
KiDS_DR3.0_351.8_-32.1_u_sci.fits,u,0.87199
KiDS_DR3.0_351.9_-30.2_g_sci.fits,g,0.65209
KiDS_DR3.0_351.9_-30.2_i_sci.fits,i,0.86713
KiDS_DR3.0_351.9_-30.2_r_sci.fits,r,0.60299
KiDS_DR3.0_351.9_-30.2_u_sci.fits,u,1.21406
KiDS_DR3.0_352.8_-34.1_g_sci.fits,g,0.88013
KiDS_DR3.0_352.8_-34.1_i_sci.fits,i,0.8624
KiDS_DR3.0_352.8_-34.1_r_sci.fits,r,0.82345
KiDS_DR3.0_352.8_-34.1_u_sci.fits,u,1.14269
KiDS_DR3.0_352.9_-33.1_g_sci.fits,g,0.91147
KiDS_DR3.0_352.9_-33.1_i_sci.fits,i,0.70518
KiDS_DR3.0_352.9_-33.1_r_sci.fits,r,0.78919
KiDS_DR3.0_352.9_-33.1_u_sci.fits,u,0.80699
KiDS_DR3.0_353.0_-31.2_g_sci.fits,g,0.75147
KiDS_DR3.0_353.0_-31.2_i_sci.fits,i,0.60192
KiDS_DR3.0_353.0_-31.2_r_sci.fits,r,0.79907
KiDS_DR3.0_353.0_-31.2_u_sci.fits,u,1.08595
KiDS_DR3.0_354.0_-34.1_g_sci.fits,g,1.0405
KiDS_DR3.0_354.0_-34.1_i_sci.fits,i,0.77035
KiDS_DR3.0_354.0_-34.1_r_sci.fits,r,0.81671
KiDS_DR3.0_354.0_-34.1_u_sci.fits,u,1.11913
KiDS_DR3.0_354.1_-32.1_g_sci.fits,g,0.66892
KiDS_DR3.0_354.1_-32.1_i_sci.fits,i,0.65836
KiDS_DR3.0_354.1_-32.1_r_sci.fits,r,0.76611
KiDS_DR3.0_354.1_-32.1_u_sci.fits,u,1.13582
KiDS_DR3.0_354.1_-33.1_g_sci.fits,g,0.62882
KiDS_DR3.0_354.1_-33.1_i_sci.fits,i,0.75421
KiDS_DR3.0_354.1_-33.1_r_sci.fits,r,0.68483
KiDS_DR3.0_354.1_-33.1_u_sci.fits,u,0.94268
KiDS_DR3.0_355.2_-33.1_g_sci.fits,g,0.79115
KiDS_DR3.0_355.2_-33.1_i_sci.fits,i,0.85582
KiDS_DR3.0_355.2_-33.1_r_sci.fits,r,0.59749
KiDS_DR3.0_355.2_-33.1_u_sci.fits,u,1.06952
KiDS_DR3.0_35.6_-33.1_g_sci.fits,g,1.09258
KiDS_DR3.0_35.6_-33.1_i_sci.fits,i,1.16799
KiDS_DR3.0_35.6_-33.1_r_sci.fits,r,0.74399
KiDS_DR3.0_35.6_-33.1_u_sci.fits,u,1.13015
KiDS_DR3.0_356.4_-33.1_g_sci.fits,g,0.97173
KiDS_DR3.0_356.4_-33.1_i_sci.fits,i,1.18273
KiDS_DR3.0_356.4_-33.1_r_sci.fits,r,0.69854
KiDS_DR3.0_356.4_-33.1_u_sci.fits,u,0.91474
KiDS_DR3.0_356.5_-31.2_g_sci.fits,g,0.79217
KiDS_DR3.0_356.5_-31.2_i_sci.fits,i,0.96873
KiDS_DR3.0_356.5_-31.2_r_sci.fits,r,0.61825
KiDS_DR3.0_356.5_-31.2_u_sci.fits,u,0.8832
KiDS_DR3.0_356.5_-32.1_g_sci.fits,g,1.0941
KiDS_DR3.0_356.5_-32.1_i_sci.fits,i,0.71903
KiDS_DR3.0_356.5_-32.1_r_sci.fits,r,0.65662
KiDS_DR3.0_356.5_-32.1_u_sci.fits,u,0.86303
KiDS_DR3.0_357.6_-32.1_g_sci.fits,g,0.8012
KiDS_DR3.0_357.6_-32.1_i_sci.fits,i,1.08878
KiDS_DR3.0_357.6_-32.1_r_sci.fits,r,0.57981
KiDS_DR3.0_357.6_-32.1_u_sci.fits,u,1.04105
KiDS_DR3.0_357.6_-33.1_g_sci.fits,g,0.79876
KiDS_DR3.0_357.6_-33.1_i_sci.fits,i,1.10324
KiDS_DR3.0_357.6_-33.1_r_sci.fits,r,0.70349
KiDS_DR3.0_357.6_-33.1_u_sci.fits,u,0.88719
KiDS_DR3.0_357.7_-31.2_g_sci.fits,g,0.83608
KiDS_DR3.0_357.7_-31.2_i_sci.fits,i,0.75676
KiDS_DR3.0_357.7_-31.2_r_sci.fits,r,0.71381
KiDS_DR3.0_357.7_-31.2_u_sci.fits,u,1.00543
KiDS_DR3.0_358.8_-32.1_g_sci.fits,g,0.64188
KiDS_DR3.0_358.8_-32.1_i_sci.fits,i,0.92656
KiDS_DR3.0_358.8_-32.1_r_sci.fits,r,0.60603
KiDS_DR3.0_358.8_-32.1_u_sci.fits,u,0.75797
KiDS_DR3.0_358.8_-33.1_g_sci.fits,g,1.17892
KiDS_DR3.0_358.8_-33.1_i_sci.fits,i,0.88534
KiDS_DR3.0_358.8_-33.1_r_sci.fits,r,0.6383
KiDS_DR3.0_358.8_-33.1_u_sci.fits,u,0.94148
KiDS_DR3.0_3.6_-34.1_g_sci.fits,g,1.03916
KiDS_DR3.0_3.6_-34.1_i_sci.fits,i,0.82506
KiDS_DR3.0_3.6_-34.1_r_sci.fits,r,0.78277
KiDS_DR3.0_3.6_-34.1_u_sci.fits,u,1.24394
KiDS_DR3.0_36.5_-32.1_g_sci.fits,g,1.02051
KiDS_DR3.0_36.5_-32.1_i_sci.fits,i,0.77792
KiDS_DR3.0_36.5_-32.1_r_sci.fits,r,0.64683
KiDS_DR3.0_36.5_-32.1_u_sci.fits,u,1.08559
KiDS_DR3.0_36.8_-33.1_g_sci.fits,g,1.10033
KiDS_DR3.0_36.8_-33.1_i_sci.fits,i,1.07595
KiDS_DR3.0_36.8_-33.1_r_sci.fits,r,0.68108
KiDS_DR3.0_36.8_-33.1_u_sci.fits,u,1.00545
KiDS_DR3.0_37.2_-34.1_g_sci.fits,g,0.63741
KiDS_DR3.0_37.2_-34.1_i_sci.fits,i,0.72177
KiDS_DR3.0_37.2_-34.1_r_sci.fits,r,0.85144
KiDS_DR3.0_37.2_-34.1_u_sci.fits,u,1.10989
KiDS_DR3.0_39.6_-31.2_g_sci.fits,g,0.95386
KiDS_DR3.0_39.6_-31.2_i_sci.fits,i,0.62646
KiDS_DR3.0_39.6_-31.2_r_sci.fits,r,0.66156
KiDS_DR3.0_39.6_-31.2_u_sci.fits,u,0.83408
KiDS_DR3.0_40.0_-32.1_g_sci.fits,g,0.71142
KiDS_DR3.0_40.0_-32.1_i_sci.fits,i,0.77282
KiDS_DR3.0_40.0_-32.1_r_sci.fits,r,0.65897
KiDS_DR3.0_40.0_-32.1_u_sci.fits,u,1.05828
KiDS_DR3.0_40.4_-33.1_g_sci.fits,g,0.62564
KiDS_DR3.0_40.4_-33.1_i_sci.fits,i,0.99111
KiDS_DR3.0_40.4_-33.1_r_sci.fits,r,0.8122
KiDS_DR3.0_40.4_-33.1_u_sci.fits,u,1.23617
KiDS_DR3.0_40.8_-31.2_g_sci.fits,g,0.96682
KiDS_DR3.0_40.8_-31.2_i_sci.fits,i,0.62322
KiDS_DR3.0_40.8_-31.2_r_sci.fits,r,0.81682
KiDS_DR3.0_40.8_-31.2_u_sci.fits,u,1.00707
KiDS_DR3.0_41.6_-33.1_g_sci.fits,g,0.84582
KiDS_DR3.0_41.6_-33.1_i_sci.fits,i,0.8479
KiDS_DR3.0_41.6_-33.1_r_sci.fits,r,0.7914
KiDS_DR3.0_41.6_-33.1_u_sci.fits,u,0.98025
KiDS_DR3.0_41.9_-31.2_g_sci.fits,g,0.99477
KiDS_DR3.0_41.9_-31.2_i_sci.fits,i,0.86144
KiDS_DR3.0_41.9_-31.2_r_sci.fits,r,0.58007
KiDS_DR3.0_41.9_-31.2_u_sci.fits,u,0.94181
KiDS_DR3.0_42.0_-34.1_g_sci.fits,g,1.04625
KiDS_DR3.0_42.0_-34.1_i_sci.fits,i,0.7459
KiDS_DR3.0_42.0_-34.1_r_sci.fits,r,0.72929
KiDS_DR3.0_42.0_-34.1_u_sci.fits,u,0.95602
KiDS_DR3.0_42.4_-32.1_g_sci.fits,g,0.58357
KiDS_DR3.0_42.4_-32.1_i_sci.fits,i,0.97675
KiDS_DR3.0_42.4_-32.1_r_sci.fits,r,0.69469
KiDS_DR3.0_42.4_-32.1_u_sci.fits,u,1.13303
KiDS_DR3.0_43.7_-30.2_g_sci.fits,g,1.10002
KiDS_DR3.0_43.7_-30.2_i_sci.fits,i,1.032
KiDS_DR3.0_43.7_-30.2_r_sci.fits,r,0.85909
KiDS_DR3.0_43.7_-30.2_u_sci.fits,u,1.07569
KiDS_DR3.0_44.0_-33.1_g_sci.fits,g,0.67591
KiDS_DR3.0_44.0_-33.1_i_sci.fits,i,0.72746
KiDS_DR3.0_44.0_-33.1_r_sci.fits,r,0.57534
KiDS_DR3.0_44.0_-33.1_u_sci.fits,u,0.94507
KiDS_DR3.0_44.3_-31.2_g_sci.fits,g,0.68909
KiDS_DR3.0_44.3_-31.2_i_sci.fits,i,0.88793
KiDS_DR3.0_44.3_-31.2_r_sci.fits,r,0.61762
KiDS_DR3.0_44.3_-31.2_u_sci.fits,u,1.02425
KiDS_DR3.0_44.7_-32.1_g_sci.fits,g,0.70977
KiDS_DR3.0_44.7_-32.1_i_sci.fits,i,0.89309
KiDS_DR3.0_44.7_-32.1_r_sci.fits,r,0.61777
KiDS_DR3.0_44.7_-32.1_u_sci.fits,u,0.66076
KiDS_DR3.0_45.1_-33.1_g_sci.fits,g,1.10563
KiDS_DR3.0_45.1_-33.1_i_sci.fits,i,0.68433
KiDS_DR3.0_45.1_-33.1_r_sci.fits,r,0.93091
KiDS_DR3.0_45.1_-33.1_u_sci.fits,u,0.99424
KiDS_DR3.0_45.4_-31.2_g_sci.fits,g,1.10371
KiDS_DR3.0_45.4_-31.2_i_sci.fits,i,1.06586
KiDS_DR3.0_45.4_-31.2_r_sci.fits,r,0.6293
KiDS_DR3.0_45.4_-31.2_u_sci.fits,u,1.14929
KiDS_DR3.0_46.8_-34.1_g_sci.fits,g,0.91481
KiDS_DR3.0_46.8_-34.1_i_sci.fits,i,0.80796
KiDS_DR3.0_46.8_-34.1_r_sci.fits,r,0.73055
KiDS_DR3.0_46.8_-34.1_u_sci.fits,u,0.96867
KiDS_DR3.0_47.1_-32.1_g_sci.fits,g,1.03364
KiDS_DR3.0_47.1_-32.1_i_sci.fits,i,0.76471
KiDS_DR3.0_47.1_-32.1_r_sci.fits,r,0.82091
KiDS_DR3.0_47.1_-32.1_u_sci.fits,u,1.09923
KiDS_DR3.0_47.2_-30.2_g_sci.fits,g,0.95832
KiDS_DR3.0_47.2_-30.2_i_sci.fits,i,0.64204
KiDS_DR3.0_47.2_-30.2_r_sci.fits,r,0.91705
KiDS_DR3.0_47.2_-30.2_u_sci.fits,u,1.21409
KiDS_DR3.0_47.5_-33.1_g_sci.fits,g,1.09048
KiDS_DR3.0_47.5_-33.1_i_sci.fits,i,0.84528
KiDS_DR3.0_47.5_-33.1_r_sci.fits,r,0.71695
KiDS_DR3.0_47.5_-33.1_u_sci.fits,u,0.95184
KiDS_DR3.0_48.2_-32.1_g_sci.fits,g,0.66559
KiDS_DR3.0_48.2_-32.1_i_sci.fits,i,0.59905
KiDS_DR3.0_48.2_-32.1_r_sci.fits,r,0.6575
KiDS_DR3.0_48.2_-32.1_u_sci.fits,u,0.95199
KiDS_DR3.0_48.3_-30.2_g_sci.fits,g,0.90336
KiDS_DR3.0_48.3_-30.2_i_sci.fits,i,0.84976
KiDS_DR3.0_48.3_-30.2_r_sci.fits,r,0.55114
KiDS_DR3.0_48.3_-30.2_u_sci.fits,u,0.93387
KiDS_DR3.0_48.7_-33.1_g_sci.fits,g,0.92458
KiDS_DR3.0_48.7_-33.1_i_sci.fits,i,0.83458
KiDS_DR3.0_48.7_-33.1_r_sci.fits,r,0.66558
KiDS_DR3.0_48.7_-33.1_u_sci.fits,u,1.14535
KiDS_DR3.0_49.5_-30.2_g_sci.fits,g,1.0095
KiDS_DR3.0_49.5_-30.2_i_sci.fits,i,0.94702
KiDS_DR3.0_49.5_-30.2_r_sci.fits,r,0.76162
KiDS_DR3.0_49.5_-30.2_u_sci.fits,u,1.09597
KiDS_DR3.0_50.1_-31.2_g_sci.fits,g,0.7914
KiDS_DR3.0_50.1_-31.2_i_sci.fits,i,0.6648
KiDS_DR3.0_50.1_-31.2_r_sci.fits,r,0.8017
KiDS_DR3.0_50.1_-31.2_u_sci.fits,u,1.25023
KiDS_DR3.0_50.4_-34.1_g_sci.fits,g,0.98261
KiDS_DR3.0_50.4_-34.1_i_sci.fits,i,1.06046
KiDS_DR3.0_50.4_-34.1_r_sci.fits,r,0.54928
KiDS_DR3.0_50.4_-34.1_u_sci.fits,u,1.0018
KiDS_DR3.0_50.6_-30.2_g_sci.fits,g,0.91865
KiDS_DR3.0_50.6_-30.2_i_sci.fits,i,0.90941
KiDS_DR3.0_50.6_-30.2_r_sci.fits,r,0.7263
KiDS_DR3.0_50.6_-30.2_u_sci.fits,u,1.11327
KiDS_DR3.0_50.6_-32.1_g_sci.fits,g,1.02838
KiDS_DR3.0_50.6_-32.1_i_sci.fits,i,0.93581
KiDS_DR3.0_50.6_-32.1_r_sci.fits,r,0.89534
KiDS_DR3.0_50.6_-32.1_u_sci.fits,u,0.96531
KiDS_DR3.0_51.1_-33.1_g_sci.fits,g,1.04198
KiDS_DR3.0_51.1_-33.1_i_sci.fits,i,0.78657
KiDS_DR3.0_51.1_-33.1_r_sci.fits,r,0.78815
KiDS_DR3.0_51.1_-33.1_u_sci.fits,u,1.15232
KiDS_DR3.0_51.6_-34.1_g_sci.fits,g,1.13545
KiDS_DR3.0_51.6_-34.1_i_sci.fits,i,0.75135
KiDS_DR3.0_51.6_-34.1_r_sci.fits,r,0.67701
KiDS_DR3.0_51.6_-34.1_u_sci.fits,u,1.24753
KiDS_DR3.0_51.8_-30.2_g_sci.fits,g,1.21053
KiDS_DR3.0_51.8_-30.2_i_sci.fits,i,0.90248
KiDS_DR3.0_51.8_-30.2_r_sci.fits,r,0.85441
KiDS_DR3.0_51.8_-30.2_u_sci.fits,u,1.01173
KiDS_DR3.0_51.8_-32.1_g_sci.fits,g,1.15994
KiDS_DR3.0_51.8_-32.1_i_sci.fits,i,0.57704
KiDS_DR3.0_51.8_-32.1_r_sci.fits,r,0.7943
KiDS_DR3.0_51.8_-32.1_u_sci.fits,u,0.89167
KiDS_DR3.0_52.3_-33.1_g_sci.fits,g,0.95732
KiDS_DR3.0_52.3_-33.1_i_sci.fits,i,0.73602
KiDS_DR3.0_52.3_-33.1_r_sci.fits,r,0.70573
KiDS_DR3.0_52.3_-33.1_u_sci.fits,u,0.87391
KiDS_DR3.0_52.8_-34.1_g_sci.fits,g,1.21282
KiDS_DR3.0_52.8_-34.1_i_sci.fits,i,0.63422
KiDS_DR3.0_52.8_-34.1_r_sci.fits,r,0.7787
KiDS_DR3.0_52.8_-34.1_u_sci.fits,u,1.22958
